id,name,country_id,foundation_date,value,stadium,squad_size,average_age,national_players,current_transfer_record,foreigners,season,market_value
c-631,Chelsea FC,n-189,,1020000000.0,Stamford Bridge,32,25.5,23,-543660000.0,21.0,,
c-281,Manchester City,n-189,,1050000000.0,Etihad Stadium,24,26.8,17,11670000.0,16.0,,
c-985,Manchester United,n-189,,795700000.0,Old Trafford,32,26.0,18,-230030000.0,20.0,,
c-31,Liverpool FC,n-189,,879000000.0,Anfield,30,26.7,17,-56600000.0,21.0,,
c-11,Arsenal FC,n-189,,890000000.0,Emirates Stadium,23,25.2,17,-168560000.0,16.0,,
c-148,Tottenham Hotspur,n-189,,680300000.0,Tottenham Hotspur Stadium,25,26.7,16,-139150000.0,17.0,,
c-405,Aston Villa,n-189,,437000000.0,Villa Park,23,27.2,14,-46140000.0,16.0,,
c-29,Everton FC,n-189,,352900000.0,Goodison Park,25,27.4,8,25400000.0,11.0,,
c-289,Sunderland AFC,n-189,,59250000.0,Stadium of Light,26,23.5,6,-6060000.0,12.0,,
c-379,West Ham United,n-189,,451500000.0,London Stadium,22,28.3,13,-172450000.0,16.0,,
c-762,Newcastle United,n-189,,494300000.0,St James' Park,29,27.4,11,-172050000.0,17.0,,
c-931,Fulham FC,n-189,,253500000.0,Craven Cottage,24,28.1,14,-49300000.0,22.0,,
c-355,Bolton Wanderers,n-189,,19500000.0,University of Bolton Stadium,25,26.1,3,30000.0,14.0,,
c-337,Birmingham City,n-189,,49000000.0,St Andrew's,26,26.3,7,-1610000.0,11.0,,
c-512,Stoke City,n-189,,52250000.0,bet365 Stadium,24,26.7,6,17000000.0,9.0,,
c-164,Blackburn Rovers,n-189,,70650000.0,Ewood Park,27,24.0,4,-1750000.0,8.0,,
c-984,West Bromwich Albion,n-189,,63950000.0,The Hawthorns,25,27.8,4,-1350000.0,8.0,,
c-543,Wolverhampton Wanderers,n-189,,398700000.0,Molineux Stadium,28,26.2,14,-114240000.0,24.0,,
c-1071,Wigan Athletic,n-189,,19950000.0,DW Stadium,27,27.9,8,0.0,15.0,,
c-1181,Blackpool FC,n-189,,35100000.0,Bloomfield Road,30,26.3,3,1950000.0,10.0,,
c-1039,Queens Park Rangers,n-189,,51600000.0,Loftus Road Stadium,26,25.9,8,900000.0,15.0,,
c-2288,Swansea City,n-189,,44750000.0,Swansea.com Stadium,22,24.8,4,8350000.0,17.0,,
c-1123,Norwich City,n-189,,104600000.0,Carrow Road,25,26.0,12,-10330000.0,17.0,,
c-180,Southampton FC,n-189,,397000000.0,St Mary's Stadium,30,25.5,15,-138150000.0,21.0,,
c-1032,Reading FC,n-189,,35500000.0,Select Car Leasing Stadium,27,27.1,7,0.0,17.0,,
c-603,Cardiff City,n-189,,44200000.0,Cardiff City Stadium,28,25.5,8,-655000.0,24.0,,
c-873,Crystal Palace,n-189,,309950000.0,Selhurst Park,25,27.0,7,-41150000.0,15.0,,
c-3008,Hull City,n-189,,59200000.0,MKM Stadium,28,25.0,6,7500000.0,17.0,,
c-1003,Leicester City,n-189,,443100000.0,King Power Stadium,27,27.0,17,33400000.0,19.0,,
c-1132,Burnley FC,n-189,,131550000.00000001,Turf Moor,26,25.1,12,33259999.9999999,18.0,,
c-1010,Watford FC,n-189,,129550000.00000001,Vicarage Road,30,26.3,12,42020000.0,24.0,,
c-989,AFC Bournemouth,n-189,,243700000.0,Vitality Stadium,27,26.6,13,-83100000.0,16.0,,
c-641,Middlesbrough FC,n-189,,81550000.0,Riverside Stadium,25,26.1,6,16680000.0,8.0,,
c-1237,Brighton & Hove Albion,n-189,,358700000.0,AMEX Stadium,25,24.8,14,82170000.0,18.0,,
c-1110,Huddersfield Town,n-189,,28250000.0,John Smith's Stadium,33,26.7,3,11280000.0,12.0,,
c-350,Sheffield United,n-189,,105200000.0,Bramall Lane,27,26.7,9,-4500000.0,14.0,,
c-399,Leeds United,n-189,,318000000.0,Elland Road,24,25.6,8,-31090000.0,19.0,,
c-1148,Brentford FC,n-189,,318600000.0,Brentford Community Stadium,25,25.6,15,-47900000.0,19.0,,
c-703,Nottingham Forest,n-189,,332650000.0,The City Ground,35,28.2,19,-190250000.0,23.0,,
c-27,Bayern Munich,n-40,,979700000.0,Allianz Arena,27,26.5,21,-41400000.0,16.0,,
c-16,Borussia Dortmund,n-40,,547700000.0,SIGNAL IDUNA PARK,33,24.6,16,-25100000.0,16.0,,
c-33,FC Schalke 04,n-40,,60400000.0,Veltins-Arena,32,27.3,6,11120000.0,18.0,,
c-86,SV Werder Bremen,n-40,,80550000.0,Wohninvest-Weserstadion,26,25.3,6,-2150000.0,9.0,,
c-15,Bayer 04 Leverkusen,n-40,,421850000.0,BayArena,27,24.9,13,-5600000.0,19.0,,
c-82,VfL Wolfsburg,n-40,,200700000.0,Volkswagen Arena,25,24.6,10,-12050000.0,15.0,,
c-533,TSG 1899 Hoffenheim,n-40,,154650000.0,PreZero Arena,31,25.9,9,40400000.0,17.0,,
c-41,Hamburger SV,n-40,,37650000.0,Volksparkstadion,30,23.6,4,-6000000.0,15.0,,
c-79,VfB Stuttgart,n-40,,115950000.0,Mercedes-Benz Arena,30,23.6,8,37810000.0,16.0,,
c-3,1.FC Kأ¶ln,n-40,,101930000.0,RheinEnergieSTADION,34,24.7,7,5520000.0,11.0,,
c-18,Borussia Mأ¶nchengladbach,n-40,,223000000.0,Stadion im Borussia-Park,27,26.0,10,-2000000.0,14.0,,
c-42,Hannover 96,n-40,,23530000.0,Heinz-von-Heiden-Arena,28,25.0,1,-300000.0,6.0,,
c-39,1.FSV Mainz 05,n-40,,113700000.0,Mewa Arena,27,25.2,9,450000.0,13.0,,
c-4,1.FC Nuremberg,n-40,,25750000.0,Max-Morlock-Stadion,33,25.2,2,2630000.0,7.0,,
c-60,SC Freiburg,n-40,,161900000.0,Europa-Park Stadion,26,26.3,10,5430000.0,10.0,,
c-2,1.FC Kaiserslautern,n-40,,13780000.0,Fritz-Walter-Stadion,27,26.8,0,-400000.0,4.0,,
c-24,Eintracht Frankfurt,n-40,,294450000.0,Deutsche Bank Park,31,25.1,11,-9400000.0,18.0,,
c-35,FC St. Pauli,n-40,,24750000.0,Millerntor-Stadion,32,25.1,6,900000.0,16.0,,
c-44,Hertha BSC,n-40,,92350000.0,Olympiastadion Berlin,29,26.1,8,16200000.0,16.0,,
c-167,FC Augsburg,n-40,,117150000.0,WWK ARENA,32,25.3,6,-4650000.0,19.0,,
c-65,SpVgg Greuther Fأ¼rth,n-40,,20800000.0,Sportpark Ronhof | Thomas Sommer,28,24.0,2,3970000.0,11.0,,
c-38,Fortuna Dأ¼sseldorf,n-40,,27750000.0,MERKUR SPIEL-ARENA,29,25.9,2,600000.0,12.0,,
c-23,Eintracht Braunschweig,n-40,,17930000.0,EINTRACHT-Stadion,29,26.0,0,-600000.0,9.0,,
c-127,SC Paderborn 07,n-40,,19230000.0,Home Deluxe Arena,26,25.7,1,-450000.0,5.0,,
c-4795,FC Ingolstadt 04,n-40,,7350000.0,Audi Sportpark,28,24.3,1,1550000.0,8.0,,
c-105,SV Darmstadt 98,n-40,,25680000.0,Merck-Stadion am Bأ¶llenfalltor,27,25.6,1,-3050000.0,11.0,,
c-23826,RB Leipzig,n-40,,487300000.0,Red Bull Arena,27,25.6,18,16320000.0,17.0,,
c-89,1.FC Union Berlin,n-40,,126100000.0,Stadion An der Alten Fأ¶rsterei,27,27.6,9,6020000.0,13.0,,
c-10,Arminia Bielefeld,n-40,,21450000.0,Schأ¼coArena,27,25.3,4,5900000.0,15.0,,
c-80,VfL Bochum,n-40,,47750000.0,Vonovia Ruhrstadion,28,28.1,7,14270000.0,17.0,,
c-46,Inter Milan,n-75,,534450000.00000006,Giuseppe Meazza,27,28.5,17,-34550000.0,16.0,,
c-5,AC Milan,n-75,,547250000.0,Giuseppe Meazza,30,27.0,19,-37420000.0,24.0,,
c-506,Juventus FC,n-75,,420700000.0,Allianz Stadium,28,27.0,17,5030000.0,17.0,,
c-430,ACF Fiorentina,n-75,,236300000.0,Artemio Franchi,26,26.5,9,11100000.0,14.0,,
c-12,AS Roma,n-75,,317150000.0,Olimpico di Roma,28,26.2,17,58490000.0,19.0,,
c-6195,SSC Napoli,n-75,,629000000.0,Stadio Diego Armando Maradona,27,26.2,20,4400000.0,19.0,,
c-252,Genoa CFC,n-75,,52550000.0,Luigi Ferraris,31,26.4,5,10720000.0,20.0,,
c-410,Udinese Calcio,n-75,,143050000.0,Dacia Arena,27,25.5,9,9300000.0,22.0,,
c-1038,UC Sampdoria,n-75,,71450000.0,Luigi Ferraris,29,26.6,6,29600000.0,17.0,,
c-458,Palermo FC,n-75,,30900000.0,"Comunale Renzo Barbera ""La Favorita""",28,25.6,4,-7940000.0,7.0,,
c-398,SS Lazio,n-75,,274150000.0,Olimpico di Roma,26,27.2,9,2450000.0,16.0,,
c-130,Parma Calcio 1913,n-75,,45950000.0,Ennio Tardini,30,24.9,6,-4370000.0,23.0,,
c-1390,Cagliari Calcio,n-75,,32799999.999999996,Unipol Domus,28,25.9,4,29280000.0,12.0,,
c-1429,Cesena FC,n-75,,6050000.0,Orogel Stadium - Dino Manuzzi,28,26.0,0,335000.0,4.0,,
c-1025,Bologna FC 1909,n-75,,136100000.0,Stadio Renato Dallâ€™Ara,31,25.7,10,9280000.0,21.0,,
c-1627,Catania SSD,n-75,,2520000.0,Cibali - Angelo Massimino,28,25.9,0,0.0,3.0,,
c-332,SSC Bari,n-75,,31550000.0,San Nicola,28,27.8,1,-480000.0,7.0,,
c-862,Chievo Verona,n-75,,,Marcantonio Bentegodi,0,,0,0.0,,,
c-19,Brescia Calcio,n-75,,24030000.0,Mario Rigamonti,28,25.1,1,3650000.0,12.0,,
c-1005,US Lecce,n-75,,94130000.0,Ettore Giardiniero,31,24.5,7,-3730000.0,19.0,,
c-800,Atalanta BC,n-75,,329500000.0,Gewiss Stadium,25,26.6,13,6350000.0,17.0,,
c-1387,ACN Siena,n-75,,4760000.0,Artemio Franchi,29,25.0,0,0.0,1.0,,
c-6692,Novara FC,n-75,,5900000.0,Silvio Piola,27,27.4,0,-120000.0,10.0,,
c-416,Torino FC,n-75,,169530000.0,Stadio Olimpico Grande Torino,28,24.6,17,22120000.0,23.0,,
c-2921,Delfino Pescara 1936,n-75,,9380000.0,Adriatico,28,24.6,1,4600000.0,6.0,,
c-6574,US Sassuolo,n-75,,171400000.0,Mapei Stadium - Cittأ  del Tricolore,26,25.9,8,21560000.0,15.0,,
c-1210,US Livorno 1915,n-75,,1160000.0,Armando Picchi,28,23.8,0,0.0,3.0,,
c-276,Hellas Verona,n-75,,84850000.0,Marcantonio Bentegodi,29,26.4,6,-5680000.0,18.0,,
c-749,FC Empoli,n-75,,103300000.0,Carlo Castellani,30,25.3,9,16510000.0,14.0,,
c-4102,AC Carpi,n-75,,1480000.0,Sandro Cabassi,25,23.6,1,0.0,6.0,,
c-8970,Frosinone Calcio,n-75,,33500000.0,Benito Stirpe,29,25.4,3,-285000.0,11.0,,
c-4083,FC Crotone,n-75,,8060000.000000001,Ezio Scida,25,27.0,1,3900000.0,6.0,,
c-2722,SPAL,n-75,,16280000.000000002,Paolo Mazza,32,26.0,2,2750000.0,8.0,,
c-4171,Benevento Calcio,n-75,,23240000.0,Ciro Vigorito,31,26.7,2,-1930000.0,16.0,,
c-3522,Spezia Calcio,n-75,,86300000.0,Alberto Picco,29,25.8,10,23320000.0,22.0,,
c-607,Venezia FC,n-75,,33030000.0,Pier Luigi Penzo,27,25.7,5,4830000.0,17.0,,
c-380,US Salernitana 1919,n-75,,99680000.0,Arechi,27,26.9,12,-24100000.0,17.0,,
c-2919,AC Monza,n-75,,111900000.0,U-Power Stadium - Brianteo,30,26.9,4,-46480000.0,9.0,,
c-2239,US Cremonese,n-75,,64900000.00000001,Giovanni Zini,26,26.0,7,-33800000.0,12.0,,
c-1041,Olympique Lyon,n-50,,231800000.0,Groupama Stadium,23,25.2,2,46400000.0,10.0,,
c-244,Olympique Marseille,n-50,,259200000.0,Orange Vأ©lodrome,22,26.7,13,-77930000.0,16.0,,
c-1082,LOSC Lille,n-50,,220900000.0,Decathlon Arena-Stade Pierre-Mauroy,23,26.0,8,75500000.0,15.0,,
c-40,FC Girondins Bordeaux,n-50,,33200000.000000004,Matmut Atlantique,26,22.7,6,12700000.0,13.0,,
c-273,Stade Rennais FC,n-50,,320300000.0,Roazhon Park,28,24.5,11,14500000.0,14.0,,
c-583,Paris Saint-Germain,n-50,,882550000.0,Parc des Princes,27,25.1,13,-88200000.0,17.0,,
c-415,FC Toulouse,n-50,,78850000.0,Stadium Municipal,26,24.4,6,-3000000.0,23.0,,
c-162,AS Monaco,n-50,,324200000.0,Stade Louis-II,27,24.3,9,112700000.0,27.0,,
c-618,AS Saint-أ‰tienne,n-50,,39000000.0,Stade Geoffroy-Guichard,29,25.1,3,12850000.0,8.0,,
c-290,AJ Auxerre,n-50,,49900000.0,Stade de l'Abbأ©-Deschamps,33,25.7,10,-1250000.0,21.0,,
c-417,OGC Nice,n-50,,235600000.0,Allianz Riviera,27,24.4,13,-39600000.0,18.0,,
c-1158,FC Lorient,n-50,,87400000.0,Stade du Moustoir,26,24.6,7,9250000.0,12.0,,
c-750,FC Sochaux-Montbأ©liard,n-50,,27050000.0,Stade Auguste-Bonal,25,26.2,4,4000000.0,11.0,,
c-1423,Valenciennes FC,n-50,,17600000.0,Stade du Hainaut,28,25.0,4,-500000.0,8.0,,
c-1159,AS Nancy-Lorraine,n-50,,7500000.0,Stade Marcel-Picot,26,25.9,0,0.0,5.0,,
c-969,Montpellier HSC,n-50,,115400000.0,Stade de la Mosson,28,25.7,5,500000.0,12.0,,
c-826,RC Lens,n-50,,184100000.0,Stade Bollaert-Delelis,30,25.7,13,13240000.0,18.0,,
c-1162,SM Caen,n-50,,23550000.0,Stade Michel-d'Ornano,27,25.7,4,3050000.0,12.0,,
c-3911,Stade Brestois 29,n-50,,69000000.0,Stade Francis-Le Blأ©,26,25.5,4,-3250000.0,9.0,,
c-11300,Athlأ©tic Club Arlأ©sien,n-50,,,Parc des Sports,12,25.3,0,0.0,6.0,,
c-2969,Dijon FCO,n-50,,19850000.0,Stade Gaston-Gأ©rard,29,25.8,4,1500000.0,14.0,,
c-14171,Thonon أ‰vian Grand Genأ¨ve FC,n-50,,,Stade Camille Fournier,27,27.4,1,0.0,6.0,,
c-1147,AC Ajaccio,n-50,,27150000.0,Stade Franأ§ois-Coty,30,28.4,9,300000.0,15.0,,
c-595,SC Bastia,n-50,,12300000.0,Stade Armand-Cesari,25,27.6,6,480000.0,8.0,,
c-1421,Stade Reims,n-50,,95100000.0,Stade Auguste-Delaune,25,24.6,7,8550000.0,16.0,,
c-1095,ESTAC Troyes,n-50,,77300000.0,Stade de l'Aube,27,25.4,4,-14800000.0,13.0,,
c-995,FC Nantes,n-50,,123800000.0,Stade de la Beaujoire,27,26.3,8,-12450000.0,12.0,,
c-855,EA Guingamp,n-50,,21550000.0,Stade du Roudourou,27,25.4,1,3700000.0,7.0,,
c-347,FC Metz,n-50,,25250000.0,Stade Saint-Symphorien,21,25.0,7,14200000.0,14.0,,
c-1420,Angers SCO,n-50,,52200000.0,Stade Raymond Kopa,31,25.0,6,31000000.0,15.0,,
c-3558,GFC Ajaccio,n-50,,,Stade Ange-Casanova,5,26.8,1,0.0,1.0,,
c-1416,Amiens SC,n-50,,22200000.0,Stade Crأ©dit Agricole la Licorne,24,24.1,7,700000.0,10.0,,
c-667,RC Strasbourg Alsace,n-50,,98550000.0,Stade de la Meinau,26,26.6,8,3900000.0,11.0,,
c-1160,Nأ®mes Olympique,n-50,,15850000.0,Stade des Antonins,26,25.4,3,2500000.0,12.0,,
c-3524,Clermont Foot 63,n-50,,37200000.0,Stade Gabriel-Montpied,25,25.8,7,19100000.0,15.0,,
c-131,FC Barcelona,n-157,,767000000.0,Spotify Camp Nou,22,25.5,17,-118500000.0,9.0,,
c-418,Real Madrid,n-157,,860500000.0,Santiago Bernabأ©u,24,27.6,16,12150000.0,17.0,,
c-13,Atlأ©tico de Madrid,n-157,,457000000.0,Civitas Metropolitano,22,28.6,16,-9250000.0,15.0,,
c-1049,Valencia CF,n-157,,225650000.0,Mestalla,26,25.0,9,42100000.0,14.0,,
c-368,Sevilla FC,n-157,,209000000.0,Ramأ³n Sأ،nchez-Pizjuأ،n,24,28.8,9,62100000.0,18.0,,
c-1050,Villarreal CF,n-157,,278200000.0,La Cerأ،mica,23,28.4,8,25120000.0,9.0,,
c-621,Athletic Bilbao,n-157,,226300000.0,San Mamأ©s,25,27.8,4,0.0,1.0,,
c-714,RCD Espanyol Barcelona,n-157,,113700000.0,RCDE Stadium,27,26.1,5,-5800000.0,7.0,,
c-3302,UD Almerأ­a,n-157,,93600000.0,Power Horse Stadium,26,26.2,3,-14880000.0,13.0,,
c-1084,Mأ،laga CF,n-157,,18500000.0,La Rosaleda,27,28.0,0,950000.0,8.0,,
c-681,Real Sociedad,n-157,,376000000.0,Reale Arena ,27,25.4,6,27500000.0,5.0,,
c-3709,Getafe CF,n-157,,136700000.0,Coliseum Alfonso Pأ©rez,25,27.8,9,4750000.0,12.0,,
c-897,Deportivo de La Coruأ±a,n-157,,8900000.0,Abanca Riazor,24,27.7,0,-435000.0,3.0,,
c-630,Racing Santander,n-157,,12800000.0,El Sardinero,26,26.8,0,5000000.0,5.0,,
c-331,CA Osasuna,n-157,,127700000.0,El Sadar,22,27.9,3,-2000000.0,4.0,,
c-142,Real Zaragoza,n-157,,29400000.0,La Romareda,27,26.0,3,1500000.0,9.0,,
c-237,RCD Mallorca,n-157,,93600000.0,Mallorca Son Moix,24,27.9,9,-8320000.0,13.0,,
c-2448,Sporting Gijأ³n,n-157,,27200000.0,El Molinأ³n - Enrique Castro Quini,28,26.2,2,5230000.0,10.0,,
c-7971,Hأ©rcules CF,n-157,,4080000.0,Josأ© Rico Pأ©rez,26,26.0,0,0.0,5.0,,
c-3368,Levante UD,n-157,,41600000.0,Ciutat de Valأ¨ncia,23,27.5,0,7800000.0,6.0,,
c-16795,Granada CF,n-157,,47000000.0,Nuevo Los Cأ،rmenes,28,28.0,3,27460000.0,8.0,,
c-150,Real Betis Balompiأ©,n-157,,252500000.0,Benito Villamarأ­n,26,29.0,9,-10250000.0,13.0,,
c-367,Rayo Vallecano,n-157,,95200000.0,Campo de Fأ؛tbol de Vallecas,25,28.8,6,-11100000.0,8.0,,
c-940,Celta de Vigo,n-157,,146200000.0,Abanca Balaأ­dos,23,26.4,6,-5150000.0,10.0,,
c-366,Real Valladolid CF,n-157,,76600000.0,Nuevo Josأ© Zorrilla,24,28.0,6,-5000000.0,10.0,,
c-1531,Elche CF,n-157,,60700000.0,Manuel Martأ­nez Valero,26,27.7,2,-7660000.0,10.0,,
c-993,Cأ³rdoba CF,n-157,,6300000.0,Nuevo Arcأ،ngel,24,27.9,0,0.0,4.0,,
c-1533,SD Eibar,n-157,,26900000.0,Ipurua,26,28.3,0,2600000.0,5.0,,
c-472,UD Las Palmas,n-157,,27000000.0,Estadio de Gran Canaria,26,26.8,1,-500000.0,6.0,,
c-1108,Deportivo Alavأ©s,n-157,,34300000.0,Mendizorroza,24,26.1,3,625000.0,10.0,,
c-1244,CD Leganأ©s,n-157,,28200000.0,Butarque,23,28.6,3,1000000.0,8.0,,
c-12321,Girona FC,n-157,,126200000.0,Montilivi,25,26.6,4,-15000000.0,11.0,,
c-5358,SD Huesca,n-157,,20900000.0,El Alcoraz,24,27.5,2,1430000.0,8.0,,
c-2687,Cأ،diz CF,n-157,,62400000.0,Nuevo Mirandilla,29,29.0,4,-8500000.0,9.0,,
