id,name
n-189,
n-40,
n-75,
n-50,
n-157,
n-3439,
n-5710,
n-3299,
n-3300,
n-3379,
n-3375,
n-3384,
n-9567,
n-3377,
n-9565,
n-11940,
n-3262,
n-3382,
n-3614,
n-3440,
n-3437,
n-3499,
n-11946,
n-9323,
n-21340,
n-3556,
n-22907,
n-3699,
n-3505,
n-3575,
n-3561,
n-34868,
n-5704,
n-3442,
n-3380,
n-3435,
n-3441,
n-3376,
n-3672,
n-16374,
n-3509,
n-3434,
n-3378,
n-20947,
n-3856,
n-3816,
n-3449,
n-3557,
n-3436,
n-3383,
n-3560,
n-3864,
n-3674,
n-3589,
n-3503,
n-3817,
n-11944,
n-5674,
n-16868,
n-23130,
n-3581,
n-3445,
n-3591,
n-22989,
n-15232,
n-16298,
n-53982,
n-5148,
n-11947,
n-3669,
n-6303,
n-3444,
n-3447,
n-3446,
n-9315,
n-23658,
n-3588,
n-21100,
n-3381,
n-6219,
n-3438,
n-7658,
n-26035,
n-23101,
n-6186,
n-3851,
n-11953,
n-37018,
n-13485,
n-16854,
n-21426,
n-19758,
n-19755,
n-25250,
n-3448,
n-23102,
n-16373,
n-3433,
n-3671,
n-5547,
n-3854,
n-3583,
n-5872,
n-5129,
n-12933,
n-12395,
n-12609,
n-16783,
n-3700,
n-35742,
n-3584,
n-8595,
n-3815,
n-36329,
n-20911,
n-3504,
n-52540,
n-34903,
n-40468,
n-9568,
n-3670,
n-52820,
n-9324,
n-34867,
n-13943,
n-10831,
n-3510,
n-9067,
n-16338,
n-3468,
n-17662,
n-3443,
n-5750,
n-5709,
n-17368,
n-3582,
n-11952,
n-11943,
n-37630,
n-86322,
n-4311,
n-34870,
n-16272,
n-16372,
n-3702,
n-32344,
n-14161,
n-29810,
n-3806,
n-10844,
n-3590,
n-31269,
n-3955,
n-11941,
n-37497,
n-19753,
n-14635,
n-3703,
n-20902,
n-40750,
n-16342,
n-16339,
n-9317,
n-16817,
n-32441,
n-21103,
n-20796,
n-31096,
n-53845,
n-3701,
n-16430,
n-95544,
n-39099,
n-3585,
n-39543,
n-41199,
n-3580,
n-9566,
n-15359,
n-32270,
n-9316,
n-27300,
n-21705,
n-23133,
n-3394,
n-21142,
n-9171,
n-9534,
n-3668,
n-21102,
n-3574,
n-36178,
n-21741,
n-3563,
n-3555,
n-23243,
n-28266,
n-6187,
n-16340,
n-28647,
n-8497,
n-17754,
n-24966,
n-14175,
n-10933,
n-17383,
