,club_id,season_id,competition_id,rank,matches,win,draw,loss,goals_scored,goals_conceded,players_avg_age
0,c-985,s-2010,GB1,1,38,23,11,4,78,37,27.1
1,c-631,s-2010,GB1,2,38,21,8,9,69,33,27.1
2,c-281,s-2010,GB1,3,38,21,8,9,60,33,27.1
3,c-11,s-2010,GB1,4,38,19,11,8,72,43,27.1
4,c-148,s-2010,GB1,5,38,16,14,8,55,46,27.1
5,c-31,s-2010,GB1,6,38,17,7,14,59,44,27.1
6,c-29,s-2010,GB1,7,38,13,15,10,51,45,27.1
7,c-931,s-2010,GB1,8,38,11,16,11,49,43,27.1
8,c-405,s-2010,GB1,9,38,12,12,14,48,59,27.1
9,c-289,s-2010,GB1,10,38,12,11,15,45,56,27.1
10,c-984,s-2010,GB1,11,38,12,11,15,56,71,27.1
11,c-762,s-2010,GB1,12,38,11,13,14,56,57,27.1
12,c-512,s-2010,GB1,13,38,13,7,18,46,48,27.1
13,c-355,s-2010,GB1,14,38,12,10,16,52,56,27.1
14,c-164,s-2010,GB1,15,38,11,10,17,46,59,27.1
15,c-1071,s-2010,GB1,16,38,9,15,14,40,61,27.1
16,c-543,s-2010,GB1,17,38,11,7,20,46,66,27.1
17,c-337,s-2010,GB1,18,38,8,15,15,37,58,27.1
18,c-1181,s-2010,GB1,19,38,10,9,19,55,78,27.1
19,c-379,s-2010,GB1,20,38,7,12,19,43,70,27.1
20,c-281,s-2011,GB1,1,38,28,5,5,93,29,27.1
21,c-985,s-2011,GB1,2,38,28,5,5,89,33,27.1
22,c-11,s-2011,GB1,3,38,21,7,10,74,49,27.1
23,c-148,s-2011,GB1,4,38,20,9,9,66,41,27.1
24,c-762,s-2011,GB1,5,38,19,8,11,56,51,27.1
25,c-631,s-2011,GB1,6,38,18,10,10,65,46,27.1
26,c-29,s-2011,GB1,7,38,15,11,12,50,40,27.1
27,c-31,s-2011,GB1,8,38,14,10,14,47,40,27.1
28,c-931,s-2011,GB1,9,38,14,10,14,48,51,27.1
29,c-984,s-2011,GB1,10,38,13,8,17,45,52,27.1
30,c-2288,s-2011,GB1,11,38,12,11,15,44,51,27.1
31,c-1123,s-2011,GB1,12,38,12,11,15,52,66,27.1
32,c-289,s-2011,GB1,13,38,11,12,15,45,46,27.1
33,c-512,s-2011,GB1,14,38,11,12,15,36,53,27.1
34,c-1071,s-2011,GB1,15,38,11,10,17,42,62,27.1
35,c-405,s-2011,GB1,16,38,7,17,14,37,53,27.1
36,c-1039,s-2011,GB1,17,38,10,7,21,43,66,27.1
37,c-355,s-2011,GB1,18,38,10,6,22,46,77,27.1
38,c-164,s-2011,GB1,19,38,8,7,23,48,78,27.1
39,c-543,s-2011,GB1,20,38,5,10,23,40,82,27.1
40,c-985,s-2012,GB1,1,38,28,5,5,86,43,27.1
41,c-281,s-2012,GB1,2,38,23,9,6,66,34,27.1
42,c-631,s-2012,GB1,3,38,22,9,7,75,39,27.1
43,c-11,s-2012,GB1,4,38,21,10,7,72,37,27.1
44,c-148,s-2012,GB1,5,38,21,9,8,66,46,27.1
45,c-29,s-2012,GB1,6,38,16,15,7,55,40,27.1
46,c-31,s-2012,GB1,7,38,16,13,9,71,43,27.1
47,c-984,s-2012,GB1,8,38,14,7,17,53,57,27.1
48,c-2288,s-2012,GB1,9,38,11,13,14,47,51,27.1
49,c-379,s-2012,GB1,10,38,12,10,16,45,53,27.1
50,c-1123,s-2012,GB1,11,38,10,14,14,41,58,27.1
51,c-931,s-2012,GB1,12,38,11,10,17,50,60,27.1
52,c-512,s-2012,GB1,13,38,9,15,14,34,45,27.1
53,c-180,s-2012,GB1,14,38,9,14,15,49,60,27.1
54,c-405,s-2012,GB1,15,38,10,11,17,47,69,27.1
55,c-762,s-2012,GB1,16,38,11,8,19,45,68,27.1
56,c-289,s-2012,GB1,17,38,9,12,17,41,54,27.1
57,c-1071,s-2012,GB1,18,38,9,9,20,47,73,27.1
58,c-1032,s-2012,GB1,19,38,6,10,22,43,73,27.1
59,c-1039,s-2012,GB1,20,38,4,13,21,30,60,27.1
60,c-281,s-2013,GB1,1,38,27,5,6,102,37,27.1
61,c-31,s-2013,GB1,2,38,26,6,6,101,50,27.1
62,c-631,s-2013,GB1,3,38,25,7,6,71,27,27.1
63,c-11,s-2013,GB1,4,38,24,7,7,68,41,27.1
64,c-29,s-2013,GB1,5,38,21,9,8,61,39,27.1
65,c-148,s-2013,GB1,6,38,21,6,11,55,51,27.1
66,c-985,s-2013,GB1,7,38,19,7,12,64,43,27.1
67,c-180,s-2013,GB1,8,38,15,11,12,54,46,27.1
68,c-512,s-2013,GB1,9,38,13,11,14,45,52,27.1
69,c-762,s-2013,GB1,10,38,15,4,19,43,59,27.1
70,c-873,s-2013,GB1,11,38,13,6,19,33,48,27.1
71,c-2288,s-2013,GB1,12,38,11,9,18,54,54,27.1
72,c-379,s-2013,GB1,13,38,11,7,20,40,51,27.1
73,c-289,s-2013,GB1,14,38,10,8,20,41,60,27.1
74,c-405,s-2013,GB1,15,38,10,8,20,39,61,27.1
75,c-3008,s-2013,GB1,16,38,10,7,21,38,53,27.1
76,c-984,s-2013,GB1,17,38,7,15,16,43,59,27.1
77,c-1123,s-2013,GB1,18,38,8,9,21,28,62,27.1
78,c-931,s-2013,GB1,19,38,9,5,24,40,85,27.1
79,c-603,s-2013,GB1,20,38,7,9,22,32,74,27.1
80,c-631,s-2014,GB1,1,38,26,9,3,73,32,27.1
81,c-281,s-2014,GB1,2,38,24,7,7,83,38,27.1
82,c-11,s-2014,GB1,3,38,22,9,7,71,36,27.1
83,c-985,s-2014,GB1,4,38,20,10,8,62,37,27.1
84,c-148,s-2014,GB1,5,38,19,7,12,58,53,27.1
85,c-31,s-2014,GB1,6,38,18,8,12,52,48,27.1
86,c-180,s-2014,GB1,7,38,18,6,14,54,33,27.1
87,c-2288,s-2014,GB1,8,38,16,8,14,46,49,27.1
88,c-512,s-2014,GB1,9,38,15,9,14,48,45,27.1
89,c-873,s-2014,GB1,10,38,13,9,16,47,51,27.1
90,c-29,s-2014,GB1,11,38,12,11,15,48,50,27.1
91,c-379,s-2014,GB1,12,38,12,11,15,44,47,27.1
92,c-984,s-2014,GB1,13,38,11,11,16,38,51,27.1
93,c-1003,s-2014,GB1,14,38,11,8,19,46,55,27.1
94,c-762,s-2014,GB1,15,38,10,9,19,40,63,27.1
95,c-289,s-2014,GB1,16,38,7,17,14,31,53,27.1
96,c-405,s-2014,GB1,17,38,10,8,20,31,57,27.1
97,c-3008,s-2014,GB1,18,38,8,11,19,33,51,27.1
98,c-1132,s-2014,GB1,19,38,7,12,19,28,53,27.1
99,c-1039,s-2014,GB1,20,38,8,6,24,42,73,27.1
100,c-1003,s-2015,GB1,1,38,23,12,3,68,36,27.1
101,c-11,s-2015,GB1,2,38,20,11,7,65,36,27.1
102,c-148,s-2015,GB1,3,38,19,13,6,69,35,27.1
103,c-281,s-2015,GB1,4,38,19,9,10,71,41,27.1
104,c-985,s-2015,GB1,5,38,19,9,10,49,35,27.1
105,c-180,s-2015,GB1,6,38,18,9,11,59,41,27.1
106,c-379,s-2015,GB1,7,38,16,14,8,65,51,27.1
107,c-31,s-2015,GB1,8,38,16,12,10,63,50,27.1
108,c-512,s-2015,GB1,9,38,14,9,15,41,55,27.1
109,c-631,s-2015,GB1,10,38,12,14,12,59,53,27.1
110,c-29,s-2015,GB1,11,38,11,14,13,59,55,27.1
111,c-2288,s-2015,GB1,12,38,12,11,15,42,52,27.1
112,c-1010,s-2015,GB1,13,38,12,9,17,40,50,27.1
113,c-984,s-2015,GB1,14,38,10,13,15,34,48,27.1
114,c-873,s-2015,GB1,15,38,11,9,18,39,51,27.1
115,c-989,s-2015,GB1,16,38,11,9,18,45,67,27.1
116,c-289,s-2015,GB1,17,38,9,12,17,48,62,27.1
117,c-762,s-2015,GB1,18,38,9,10,19,44,65,27.1
118,c-1123,s-2015,GB1,19,38,9,7,22,39,67,27.1
119,c-405,s-2015,GB1,20,38,3,8,27,27,76,27.1
120,c-631,s-2016,GB1,1,38,30,3,5,85,33,27.1
121,c-148,s-2016,GB1,2,38,26,8,4,86,26,27.1
122,c-281,s-2016,GB1,3,38,23,9,6,80,39,27.1
123,c-31,s-2016,GB1,4,38,22,10,6,78,42,27.1
124,c-11,s-2016,GB1,5,38,23,6,9,77,44,27.1
125,c-985,s-2016,GB1,6,38,18,15,5,54,29,27.1
126,c-29,s-2016,GB1,7,38,17,10,11,62,44,27.1
127,c-180,s-2016,GB1,8,38,12,10,16,41,48,27.1
128,c-989,s-2016,GB1,9,38,12,10,16,55,67,27.1
129,c-984,s-2016,GB1,10,38,12,9,17,43,51,27.1
130,c-379,s-2016,GB1,11,38,12,9,17,47,64,27.1
131,c-1003,s-2016,GB1,12,38,12,8,18,48,63,27.1
132,c-512,s-2016,GB1,13,38,11,11,16,41,56,27.1
133,c-873,s-2016,GB1,14,38,12,5,21,50,63,27.1
134,c-2288,s-2016,GB1,15,38,12,5,21,45,70,27.1
135,c-1132,s-2016,GB1,16,38,11,7,20,39,55,27.1
136,c-1010,s-2016,GB1,17,38,11,7,20,40,68,27.1
137,c-3008,s-2016,GB1,18,38,9,7,22,37,80,27.1
138,c-641,s-2016,GB1,19,38,5,13,20,27,53,27.1
139,c-289,s-2016,GB1,20,38,6,6,26,29,69,27.1
140,c-281,s-2017,GB1,1,38,32,4,2,106,27,27.1
141,c-985,s-2017,GB1,2,38,25,6,7,68,28,27.1
142,c-148,s-2017,GB1,3,38,23,8,7,74,36,27.1
143,c-31,s-2017,GB1,4,38,21,12,5,84,38,27.1
144,c-631,s-2017,GB1,5,38,21,7,10,62,38,27.1
145,c-11,s-2017,GB1,6,38,19,6,13,74,51,27.1
146,c-1132,s-2017,GB1,7,38,14,12,12,36,39,27.1
147,c-29,s-2017,GB1,8,38,13,10,15,44,58,27.1
148,c-1003,s-2017,GB1,9,38,12,11,15,56,60,27.1
149,c-762,s-2017,GB1,10,38,12,8,18,39,47,27.1
150,c-873,s-2017,GB1,11,38,11,11,16,45,55,27.1
151,c-989,s-2017,GB1,12,38,11,11,16,45,61,27.1
152,c-379,s-2017,GB1,13,38,10,12,16,48,68,27.1
153,c-1010,s-2017,GB1,14,38,11,8,19,44,64,27.1
154,c-1237,s-2017,GB1,15,38,9,13,16,34,54,27.1
155,c-1110,s-2017,GB1,16,38,9,10,19,28,58,27.1
156,c-180,s-2017,GB1,17,38,7,15,16,37,56,27.1
157,c-2288,s-2017,GB1,18,38,8,9,21,28,56,27.1
158,c-512,s-2017,GB1,19,38,7,12,19,35,68,27.1
159,c-984,s-2017,GB1,20,38,6,13,19,31,56,27.1
160,c-281,s-2018,GB1,1,38,32,2,4,95,23,27.1
161,c-31,s-2018,GB1,2,38,30,7,1,89,22,27.1
162,c-631,s-2018,GB1,3,38,21,9,8,63,39,27.1
163,c-148,s-2018,GB1,4,38,23,2,13,67,39,27.1
164,c-11,s-2018,GB1,5,38,21,7,10,73,51,27.1
165,c-985,s-2018,GB1,6,38,19,9,10,65,54,27.1
166,c-543,s-2018,GB1,7,38,16,9,13,47,46,27.1
167,c-29,s-2018,GB1,8,38,15,9,14,54,46,27.1
168,c-1003,s-2018,GB1,9,38,15,7,16,51,48,27.1
169,c-379,s-2018,GB1,10,38,15,7,16,52,55,27.1
170,c-1010,s-2018,GB1,11,38,14,8,16,52,59,27.1
171,c-873,s-2018,GB1,12,38,14,7,17,51,53,27.1
172,c-762,s-2018,GB1,13,38,12,9,17,42,48,27.1
173,c-989,s-2018,GB1,14,38,13,6,19,56,70,27.1
174,c-1132,s-2018,GB1,15,38,11,7,20,45,68,27.1
175,c-180,s-2018,GB1,16,38,9,12,17,45,65,27.1
176,c-1237,s-2018,GB1,17,38,9,9,20,35,60,27.1
177,c-603,s-2018,GB1,18,38,10,4,24,34,69,27.1
178,c-931,s-2018,GB1,19,38,7,5,26,34,81,27.1
179,c-1110,s-2018,GB1,20,38,3,7,28,22,76,27.1
180,c-31,s-2019,GB1,1,38,32,3,3,85,33,27.1
181,c-281,s-2019,GB1,2,38,26,3,9,102,35,27.1
182,c-985,s-2019,GB1,3,38,18,12,8,66,36,27.1
183,c-631,s-2019,GB1,4,38,20,6,12,69,54,27.1
184,c-1003,s-2019,GB1,5,38,18,8,12,67,41,27.1
185,c-148,s-2019,GB1,6,38,16,11,11,61,47,27.1
186,c-543,s-2019,GB1,7,38,15,14,9,51,40,27.1
187,c-11,s-2019,GB1,8,38,14,14,10,56,48,27.1
188,c-350,s-2019,GB1,9,38,14,12,12,39,39,27.1
189,c-1132,s-2019,GB1,10,38,15,9,14,43,50,27.1
190,c-180,s-2019,GB1,11,38,15,7,16,51,60,27.1
191,c-29,s-2019,GB1,12,38,13,10,15,44,56,27.1
192,c-762,s-2019,GB1,13,38,11,11,16,38,58,27.1
193,c-873,s-2019,GB1,14,38,11,10,17,31,50,27.1
194,c-1237,s-2019,GB1,15,38,9,14,15,39,54,27.1
195,c-379,s-2019,GB1,16,38,10,9,19,49,62,27.1
196,c-405,s-2019,GB1,17,38,9,8,21,41,67,27.1
197,c-989,s-2019,GB1,18,38,9,7,22,40,65,27.1
198,c-1010,s-2019,GB1,19,38,8,10,20,36,64,27.1
199,c-1123,s-2019,GB1,20,38,5,6,27,26,75,27.1
200,c-281,s-2020,GB1,1,38,27,5,6,83,32,27.1
201,c-985,s-2020,GB1,2,38,21,11,6,73,44,27.1
202,c-31,s-2020,GB1,3,38,20,9,9,68,42,27.1
203,c-631,s-2020,GB1,4,38,19,10,9,58,36,27.1
204,c-1003,s-2020,GB1,5,38,20,6,12,68,50,27.1
205,c-379,s-2020,GB1,6,38,19,8,11,62,47,27.1
206,c-148,s-2020,GB1,7,38,18,8,12,68,45,27.1
207,c-11,s-2020,GB1,8,38,18,7,13,55,39,27.1
208,c-399,s-2020,GB1,9,38,18,5,15,62,54,27.1
209,c-29,s-2020,GB1,10,38,17,8,13,47,48,27.1
210,c-405,s-2020,GB1,11,38,16,7,15,55,46,27.1
211,c-762,s-2020,GB1,12,38,12,9,17,46,62,27.1
212,c-543,s-2020,GB1,13,38,12,9,17,36,52,27.1
213,c-873,s-2020,GB1,14,38,12,8,18,41,66,27.1
214,c-180,s-2020,GB1,15,38,12,7,19,47,68,27.1
215,c-1237,s-2020,GB1,16,38,9,14,15,40,46,27.1
216,c-1132,s-2020,GB1,17,38,10,9,19,33,55,27.1
217,c-931,s-2020,GB1,18,38,5,13,20,27,53,27.1
218,c-984,s-2020,GB1,19,38,5,11,22,35,76,27.1
219,c-350,s-2020,GB1,20,38,7,2,29,20,63,27.1
220,c-281,s-2021,GB1,1,38,29,6,3,99,26,27.1
221,c-31,s-2021,GB1,2,38,28,8,2,94,26,27.1
222,c-631,s-2021,GB1,3,38,21,11,6,76,33,27.1
223,c-148,s-2021,GB1,4,38,22,5,11,69,40,27.1
224,c-11,s-2021,GB1,5,38,22,3,13,61,48,27.1
225,c-985,s-2021,GB1,6,38,16,10,12,57,57,27.1
226,c-379,s-2021,GB1,7,38,16,8,14,60,51,27.1
227,c-1003,s-2021,GB1,8,38,14,10,14,62,59,27.1
228,c-1237,s-2021,GB1,9,38,12,15,11,42,44,27.1
229,c-543,s-2021,GB1,10,38,15,6,17,38,43,27.1
230,c-762,s-2021,GB1,11,38,13,10,15,44,62,27.1
231,c-873,s-2021,GB1,12,38,11,15,12,50,46,27.1
232,c-1148,s-2021,GB1,13,38,13,7,18,48,56,27.1
233,c-405,s-2021,GB1,14,38,13,6,19,52,54,27.1
234,c-180,s-2021,GB1,15,38,9,13,16,43,67,27.1
235,c-29,s-2021,GB1,16,38,11,6,21,43,66,27.1
236,c-399,s-2021,GB1,17,38,9,11,18,42,79,27.1
237,c-1132,s-2021,GB1,18,38,7,14,17,34,53,27.1
238,c-1010,s-2021,GB1,19,38,6,5,27,34,77,27.1
239,c-1123,s-2021,GB1,20,38,5,7,26,23,84,27.1
240,c-281,s-2022,GB1,1,37,28,5,4,94,32,27.1
241,c-11,s-2022,GB1,2,37,25,6,6,83,43,27.1
242,c-762,s-2022,GB1,3,37,19,13,5,67,32,27.1
243,c-985,s-2022,GB1,4,36,21,6,9,52,41,27.1
244,c-31,s-2022,GB1,5,37,19,9,9,71,43,27.1
245,c-1237,s-2022,GB1,6,37,18,8,11,71,51,27.1
246,c-405,s-2022,GB1,7,37,17,7,13,49,45,27.1
247,c-148,s-2022,GB1,8,37,17,6,14,66,62,27.1
248,c-1148,s-2022,GB1,9,37,14,14,9,57,46,27.1
249,c-931,s-2022,GB1,10,37,15,7,15,54,51,27.1
250,c-873,s-2022,GB1,11,37,11,11,15,39,48,27.1
251,c-631,s-2022,GB1,12,36,11,10,15,36,42,27.1
252,c-543,s-2022,GB1,13,37,11,8,18,31,53,27.1
253,c-379,s-2022,GB1,14,37,11,7,19,41,53,27.1
254,c-989,s-2022,GB1,15,37,11,6,20,37,70,27.1
255,c-703,s-2022,GB1,16,37,9,10,18,37,67,27.1
256,c-29,s-2022,GB1,17,37,7,12,18,33,57,27.1
257,c-1003,s-2022,GB1,18,37,8,7,22,49,67,27.1
258,c-399,s-2022,GB1,19,37,7,10,20,47,74,27.1
259,c-180,s-2022,GB1,20,37,6,6,25,32,69,27.1
260,c-16,s-2010,L1,1,34,23,6,5,67,22,26.2
261,c-15,s-2010,L1,2,34,20,8,6,64,44,26.2
262,c-27,s-2010,L1,3,34,19,8,7,81,40,26.2
263,c-42,s-2010,L1,4,34,19,3,12,49,45,26.2
264,c-39,s-2010,L1,5,34,18,4,12,52,39,26.2
265,c-4,s-2010,L1,6,34,13,8,13,47,45,26.2
266,c-2,s-2010,L1,7,34,13,7,14,48,51,26.2
267,c-41,s-2010,L1,8,34,12,9,13,46,52,26.2
268,c-60,s-2010,L1,9,34,13,5,16,41,50,26.2
269,c-3,s-2010,L1,10,34,13,5,16,47,62,26.2
270,c-533,s-2010,L1,11,34,11,10,13,50,50,26.2
271,c-79,s-2010,L1,12,34,12,6,16,60,59,26.2
272,c-86,s-2010,L1,13,34,10,11,13,47,61,26.2
273,c-33,s-2010,L1,14,34,11,7,16,38,44,26.2
274,c-82,s-2010,L1,15,34,9,11,14,43,48,26.2
275,c-18,s-2010,L1,16,34,10,6,18,48,65,26.2
276,c-24,s-2010,L1,17,34,9,7,18,31,49,26.2
277,c-35,s-2010,L1,18,34,8,5,21,35,68,26.2
278,c-16,s-2011,L1,1,34,25,6,3,80,25,26.2
279,c-27,s-2011,L1,2,34,23,4,7,77,22,26.2
280,c-33,s-2011,L1,3,34,20,4,10,74,44,26.2
281,c-18,s-2011,L1,4,34,17,9,8,49,24,26.2
282,c-15,s-2011,L1,5,34,15,9,10,52,44,26.2
283,c-79,s-2011,L1,6,34,15,8,11,63,46,26.2
284,c-42,s-2011,L1,7,34,12,12,10,41,45,26.2
285,c-82,s-2011,L1,8,34,13,5,16,47,60,26.2
286,c-86,s-2011,L1,9,34,11,9,14,49,58,26.2
287,c-4,s-2011,L1,10,34,12,6,16,38,49,26.2
288,c-533,s-2011,L1,11,34,10,11,13,41,47,26.2
289,c-60,s-2011,L1,12,34,10,10,14,45,61,26.2
290,c-39,s-2011,L1,13,34,9,12,13,47,51,26.2
291,c-167,s-2011,L1,14,34,8,14,12,36,49,26.2
292,c-41,s-2011,L1,15,34,8,12,14,35,57,26.2
293,c-44,s-2011,L1,16,34,7,10,17,38,64,26.2
294,c-3,s-2011,L1,17,34,8,6,20,39,75,26.2
295,c-2,s-2011,L1,18,34,4,11,19,24,54,26.2
296,c-27,s-2012,L1,1,34,29,4,1,98,18,26.2
297,c-16,s-2012,L1,2,34,19,9,6,81,42,26.2
298,c-15,s-2012,L1,3,34,19,8,7,65,39,26.2
299,c-33,s-2012,L1,4,34,16,7,11,58,50,26.2
300,c-60,s-2012,L1,5,34,14,9,11,45,40,26.2
301,c-24,s-2012,L1,6,34,14,9,11,49,46,26.2
302,c-41,s-2012,L1,7,34,14,6,14,42,53,26.2
303,c-18,s-2012,L1,8,34,12,11,11,45,49,26.2
304,c-42,s-2012,L1,9,34,13,6,15,60,62,26.2
305,c-4,s-2012,L1,10,34,11,11,12,39,47,26.2
306,c-82,s-2012,L1,11,34,10,13,11,47,52,26.2
307,c-79,s-2012,L1,12,34,12,7,15,37,55,26.2
308,c-39,s-2012,L1,13,34,10,12,12,42,44,26.2
309,c-86,s-2012,L1,14,34,8,10,16,50,66,26.2
310,c-167,s-2012,L1,15,34,8,9,17,33,51,26.2
311,c-533,s-2012,L1,16,34,8,7,19,42,67,26.2
312,c-38,s-2012,L1,17,34,7,9,18,39,57,26.2
313,c-65,s-2012,L1,18,34,4,9,21,26,60,26.2
314,c-27,s-2013,L1,1,34,29,3,2,94,23,26.2
315,c-16,s-2013,L1,2,34,22,5,7,80,38,26.2
316,c-33,s-2013,L1,3,34,19,7,8,63,43,26.2
317,c-15,s-2013,L1,4,34,19,4,11,60,41,26.2
318,c-82,s-2013,L1,5,34,18,6,10,63,50,26.2
319,c-18,s-2013,L1,6,34,16,7,11,59,43,26.2
320,c-39,s-2013,L1,7,34,16,5,13,52,54,26.2
321,c-167,s-2013,L1,8,34,15,7,12,47,47,26.2
322,c-533,s-2013,L1,9,34,11,11,12,72,70,26.2
323,c-42,s-2013,L1,10,34,12,6,16,46,59,26.2
324,c-44,s-2013,L1,11,34,11,8,15,40,48,26.2
325,c-86,s-2013,L1,12,34,10,9,15,42,66,26.2
326,c-24,s-2013,L1,13,34,9,9,16,40,57,26.2
327,c-60,s-2013,L1,14,34,9,9,16,43,61,26.2
328,c-79,s-2013,L1,15,34,8,8,18,49,62,26.2
329,c-41,s-2013,L1,16,34,7,6,21,51,75,26.2
330,c-4,s-2013,L1,17,34,5,11,18,37,70,26.2
331,c-23,s-2013,L1,18,34,6,7,21,29,60,26.2
332,c-27,s-2014,L1,1,34,25,4,5,80,18,26.2
333,c-82,s-2014,L1,2,34,20,9,5,72,38,26.2
334,c-18,s-2014,L1,3,34,19,9,6,53,26,26.2
335,c-15,s-2014,L1,4,34,17,10,7,62,37,26.2
336,c-167,s-2014,L1,5,34,15,4,15,43,43,26.2
337,c-33,s-2014,L1,6,34,13,9,12,42,40,26.2
338,c-16,s-2014,L1,7,34,13,7,14,47,42,26.2
339,c-533,s-2014,L1,8,34,12,8,14,49,55,26.2
340,c-24,s-2014,L1,9,34,11,10,13,56,62,26.2
341,c-86,s-2014,L1,10,34,11,10,13,50,65,26.2
342,c-39,s-2014,L1,11,34,9,13,12,45,47,26.2
343,c-3,s-2014,L1,12,34,9,13,12,34,40,26.2
344,c-42,s-2014,L1,13,34,9,10,15,40,56,26.2
345,c-79,s-2014,L1,14,34,9,9,16,42,60,26.2
346,c-44,s-2014,L1,15,34,9,8,17,36,52,26.2
347,c-41,s-2014,L1,16,34,9,8,17,25,50,26.2
348,c-60,s-2014,L1,17,34,7,13,14,36,47,26.2
349,c-127,s-2014,L1,18,34,7,10,17,31,65,26.2
350,c-27,s-2015,L1,1,34,28,4,2,80,17,26.2
351,c-16,s-2015,L1,2,34,24,6,4,82,34,26.2
352,c-15,s-2015,L1,3,34,18,6,10,56,40,26.2
353,c-18,s-2015,L1,4,34,17,4,13,67,50,26.2
354,c-33,s-2015,L1,5,34,15,7,12,51,49,26.2
355,c-39,s-2015,L1,6,34,14,8,12,46,42,26.2
356,c-44,s-2015,L1,7,34,14,8,12,42,42,26.2
357,c-82,s-2015,L1,8,34,12,9,13,47,49,26.2
358,c-3,s-2015,L1,9,34,10,13,11,38,42,26.2
359,c-41,s-2015,L1,10,34,11,8,15,40,46,26.2
360,c-4795,s-2015,L1,11,34,10,10,14,33,42,26.2
361,c-167,s-2015,L1,12,34,9,11,14,42,52,26.2
362,c-86,s-2015,L1,13,34,10,8,16,50,65,26.2
363,c-105,s-2015,L1,14,34,9,11,14,38,53,26.2
364,c-533,s-2015,L1,15,34,9,10,15,39,54,26.2
365,c-24,s-2015,L1,16,34,9,9,16,34,52,26.2
366,c-79,s-2015,L1,17,34,9,6,19,50,75,26.2
367,c-42,s-2015,L1,18,34,7,4,23,31,62,26.2
368,c-27,s-2016,L1,1,34,25,7,2,89,22,26.2
369,c-23826,s-2016,L1,2,34,20,7,7,66,39,26.2
370,c-16,s-2016,L1,3,34,18,10,6,72,40,26.2
371,c-533,s-2016,L1,4,34,16,14,4,64,37,26.2
372,c-3,s-2016,L1,5,34,12,13,9,51,42,26.2
373,c-44,s-2016,L1,6,34,15,4,15,43,47,26.2
374,c-60,s-2016,L1,7,34,14,6,14,42,60,26.2
375,c-86,s-2016,L1,8,34,13,6,15,61,64,26.2
376,c-18,s-2016,L1,9,34,12,9,13,45,49,26.2
377,c-33,s-2016,L1,10,34,11,10,13,45,40,26.2
378,c-24,s-2016,L1,11,34,11,9,14,36,43,26.2
379,c-15,s-2016,L1,12,34,11,8,15,53,55,26.2
380,c-167,s-2016,L1,13,34,9,11,14,35,51,26.2
381,c-41,s-2016,L1,14,34,10,8,16,33,61,26.2
382,c-39,s-2016,L1,15,34,10,7,17,44,55,26.2
383,c-82,s-2016,L1,16,34,10,7,17,34,52,26.2
384,c-4795,s-2016,L1,17,34,8,8,18,36,57,26.2
385,c-105,s-2016,L1,18,34,7,4,23,28,63,26.2
386,c-27,s-2017,L1,1,34,27,3,4,92,28,26.2
387,c-33,s-2017,L1,2,34,18,9,7,53,37,26.2
388,c-533,s-2017,L1,3,34,15,10,9,66,48,26.2
389,c-16,s-2017,L1,4,34,15,10,9,64,47,26.2
390,c-15,s-2017,L1,5,34,15,10,9,58,44,26.2
391,c-23826,s-2017,L1,6,34,15,8,11,57,53,26.2
392,c-79,s-2017,L1,7,34,15,6,13,36,36,26.2
393,c-24,s-2017,L1,8,34,14,7,13,45,45,26.2
394,c-18,s-2017,L1,9,34,13,8,13,47,52,26.2
395,c-44,s-2017,L1,10,34,10,13,11,43,46,26.2
396,c-86,s-2017,L1,11,34,10,12,12,37,40,26.2
397,c-167,s-2017,L1,12,34,10,11,13,43,46,26.2
398,c-42,s-2017,L1,13,34,10,9,15,44,54,26.2
399,c-39,s-2017,L1,14,34,9,9,16,38,52,26.2
400,c-60,s-2017,L1,15,34,8,12,14,32,56,26.2
401,c-82,s-2017,L1,16,34,6,15,13,36,48,26.2
402,c-41,s-2017,L1,17,34,8,7,19,29,53,26.2
403,c-3,s-2017,L1,18,34,5,7,22,35,70,26.2
404,c-27,s-2018,L1,1,34,24,6,4,88,32,26.2
405,c-16,s-2018,L1,2,34,23,7,4,81,44,26.2
406,c-23826,s-2018,L1,3,34,19,9,6,63,29,26.2
407,c-15,s-2018,L1,4,34,18,4,12,69,52,26.2
408,c-18,s-2018,L1,5,34,16,7,11,55,42,26.2
409,c-82,s-2018,L1,6,34,16,7,11,62,50,26.2
410,c-24,s-2018,L1,7,34,15,9,10,60,48,26.2
411,c-86,s-2018,L1,8,34,14,11,9,58,49,26.2
412,c-533,s-2018,L1,9,34,13,12,9,70,52,26.2
413,c-38,s-2018,L1,10,34,13,5,16,49,65,26.2
414,c-44,s-2018,L1,11,34,11,10,13,49,57,26.2
415,c-39,s-2018,L1,12,34,12,7,15,46,57,26.2
416,c-60,s-2018,L1,13,34,8,12,14,46,61,26.2
417,c-33,s-2018,L1,14,34,8,9,17,37,55,26.2
418,c-167,s-2018,L1,15,34,8,8,18,51,71,26.2
419,c-79,s-2018,L1,16,34,7,7,20,32,70,26.2
420,c-42,s-2018,L1,17,34,5,6,23,31,71,26.2
421,c-4,s-2018,L1,18,34,3,10,21,26,68,26.2
422,c-27,s-2019,L1,1,34,26,4,4,100,32,26.2
423,c-16,s-2019,L1,2,34,21,6,7,84,41,26.2
424,c-23826,s-2019,L1,3,34,18,12,4,81,37,26.2
425,c-18,s-2019,L1,4,34,20,5,9,66,40,26.2
426,c-15,s-2019,L1,5,34,19,6,9,61,44,26.2
427,c-533,s-2019,L1,6,34,15,7,12,53,53,26.2
428,c-82,s-2019,L1,7,34,13,10,11,48,46,26.2
429,c-60,s-2019,L1,8,34,13,9,12,48,47,26.2
430,c-24,s-2019,L1,9,34,13,6,15,59,60,26.2
431,c-44,s-2019,L1,10,34,11,8,15,48,59,26.2
432,c-89,s-2019,L1,11,34,12,5,17,41,58,26.2
433,c-33,s-2019,L1,12,34,9,12,13,38,58,26.2
434,c-39,s-2019,L1,13,34,11,4,19,44,65,26.2
435,c-3,s-2019,L1,14,34,10,6,18,51,69,26.2
436,c-167,s-2019,L1,15,34,9,9,16,45,63,26.2
437,c-86,s-2019,L1,16,34,8,7,19,42,69,26.2
438,c-38,s-2019,L1,17,34,6,12,16,36,67,26.2
439,c-127,s-2019,L1,18,34,4,8,22,37,74,26.2
440,c-27,s-2020,L1,1,34,24,6,4,99,44,26.2
441,c-23826,s-2020,L1,2,34,19,8,7,60,32,26.2
442,c-16,s-2020,L1,3,34,20,4,10,75,46,26.2
443,c-82,s-2020,L1,4,34,17,10,7,61,37,26.2
444,c-24,s-2020,L1,5,34,16,12,6,69,53,26.2
445,c-15,s-2020,L1,6,34,14,10,10,53,39,26.2
446,c-89,s-2020,L1,7,34,12,14,8,50,43,26.2
447,c-18,s-2020,L1,8,34,13,10,11,64,56,26.2
448,c-79,s-2020,L1,9,34,12,9,13,56,55,26.2
449,c-60,s-2020,L1,10,34,12,9,13,52,52,26.2
450,c-533,s-2020,L1,11,34,11,10,13,52,54,26.2
451,c-39,s-2020,L1,12,34,10,9,15,39,56,26.2
452,c-167,s-2020,L1,13,34,10,6,18,36,54,26.2
453,c-44,s-2020,L1,14,34,8,11,15,41,52,26.2
454,c-10,s-2020,L1,15,34,9,8,17,26,52,26.2
455,c-3,s-2020,L1,16,34,8,9,17,34,60,26.2
456,c-86,s-2020,L1,17,34,7,10,17,36,57,26.2
457,c-33,s-2020,L1,18,34,3,7,24,25,86,26.2
458,c-27,s-2021,L1,1,34,24,5,5,97,37,26.2
459,c-16,s-2021,L1,2,34,22,3,9,85,52,26.2
460,c-15,s-2021,L1,3,34,19,7,8,80,47,26.2
461,c-23826,s-2021,L1,4,34,17,7,10,72,37,26.2
462,c-89,s-2021,L1,5,34,16,9,9,50,44,26.2
463,c-60,s-2021,L1,6,34,15,10,9,58,46,26.2
464,c-3,s-2021,L1,7,34,14,10,10,52,49,26.2
465,c-39,s-2021,L1,8,34,13,7,14,50,45,26.2
466,c-533,s-2021,L1,9,34,13,7,14,58,60,26.2
467,c-18,s-2021,L1,10,34,12,9,13,54,61,26.2
468,c-24,s-2021,L1,11,34,10,12,12,45,49,26.2
469,c-82,s-2021,L1,12,34,12,6,16,43,54,26.2
470,c-80,s-2021,L1,13,34,12,6,16,38,52,26.2
471,c-167,s-2021,L1,14,34,10,8,16,39,56,26.2
472,c-79,s-2021,L1,15,34,7,12,15,41,59,26.2
473,c-44,s-2021,L1,16,34,9,6,19,37,71,26.2
474,c-10,s-2021,L1,17,34,5,13,16,27,53,26.2
475,c-65,s-2021,L1,18,34,3,9,22,28,82,26.2
476,c-16,s-2022,L1,1,33,22,4,7,81,42,26.2
477,c-27,s-2022,L1,2,33,20,8,5,90,37,26.2
478,c-23826,s-2022,L1,3,33,19,6,8,60,39,26.2
479,c-89,s-2022,L1,4,33,17,8,8,50,38,26.2
480,c-60,s-2022,L1,5,33,17,8,8,50,42,26.2
481,c-15,s-2022,L1,6,33,14,8,11,57,46,26.2
482,c-82,s-2022,L1,7,33,13,10,10,56,46,26.2
483,c-24,s-2022,L1,8,33,12,11,10,56,51,26.2
484,c-39,s-2022,L1,9,33,12,9,12,52,53,26.2
485,c-3,s-2022,L1,10,33,10,12,11,48,52,26.2
486,c-18,s-2022,L1,11,33,10,10,13,50,55,26.2
487,c-86,s-2022,L1,12,33,10,6,17,51,63,26.2
488,c-533,s-2022,L1,13,33,10,5,18,47,56,26.2
489,c-167,s-2022,L1,14,33,9,7,17,42,61,26.2
490,c-79,s-2022,L1,15,33,7,11,15,44,56,26.2
491,c-80,s-2022,L1,16,33,9,5,19,37,72,26.2
492,c-33,s-2022,L1,17,33,7,10,16,33,67,26.2
493,c-44,s-2022,L1,18,33,6,8,19,40,68,26.2
494,c-5,s-2010,IT1,1,38,24,10,4,65,24,26.7
495,c-46,s-2010,IT1,2,38,23,7,8,69,42,26.7
496,c-6195,s-2010,IT1,3,38,21,7,10,59,39,26.7
497,c-410,s-2010,IT1,4,38,20,6,12,65,43,26.7
498,c-398,s-2010,IT1,5,38,20,6,12,55,39,26.7
499,c-12,s-2010,IT1,6,38,18,9,11,59,52,26.7
500,c-506,s-2010,IT1,7,38,15,13,10,57,47,26.7
501,c-458,s-2010,IT1,8,38,17,5,16,58,63,26.7
502,c-430,s-2010,IT1,9,38,12,15,11,49,44,26.7
503,c-252,s-2010,IT1,10,38,14,9,15,45,47,26.7
504,c-862,s-2010,IT1,11,38,11,13,14,38,40,26.7
505,c-130,s-2010,IT1,12,38,11,13,14,39,47,26.7
506,c-1627,s-2010,IT1,13,38,12,10,16,40,52,26.7
507,c-1390,s-2010,IT1,14,38,12,9,17,44,51,26.7
508,c-1429,s-2010,IT1,15,38,11,10,17,38,50,26.7
509,c-1025,s-2010,IT1,16,38,11,12,15,35,52,26.7
510,c-1005,s-2010,IT1,17,38,11,8,19,46,66,26.7
511,c-1038,s-2010,IT1,18,38,8,12,18,33,49,26.7
512,c-19,s-2010,IT1,19,38,7,11,20,34,52,26.7
513,c-332,s-2010,IT1,20,38,5,9,24,27,56,26.7
514,c-506,s-2011,IT1,1,38,23,15,0,68,20,26.7
515,c-5,s-2011,IT1,2,38,24,8,6,74,33,26.7
516,c-410,s-2011,IT1,3,38,18,10,10,52,35,26.7
517,c-398,s-2011,IT1,4,38,18,8,12,56,47,26.7
518,c-6195,s-2011,IT1,5,38,16,13,9,66,46,26.7
519,c-46,s-2011,IT1,6,38,17,7,14,58,55,26.7
520,c-12,s-2011,IT1,7,38,16,8,14,60,54,26.7
521,c-130,s-2011,IT1,8,38,15,11,12,54,53,26.7
522,c-1025,s-2011,IT1,9,38,13,12,13,41,43,26.7
523,c-862,s-2011,IT1,10,38,12,13,13,35,45,26.7
524,c-1627,s-2011,IT1,11,38,11,15,12,47,52,26.7
525,c-800,s-2011,IT1,12,38,13,13,12,41,43,26.7
526,c-430,s-2011,IT1,13,38,11,13,14,37,43,26.7
527,c-1387,s-2011,IT1,14,38,11,11,16,45,45,26.7
528,c-1390,s-2011,IT1,15,38,10,13,15,37,46,26.7
529,c-458,s-2011,IT1,16,38,11,10,17,52,62,26.7
530,c-252,s-2011,IT1,17,38,11,9,18,50,69,26.7
531,c-1005,s-2011,IT1,18,38,8,12,18,40,56,26.7
532,c-6692,s-2011,IT1,19,38,7,11,20,35,65,26.7
533,c-1429,s-2011,IT1,20,38,4,10,24,24,60,26.7
534,c-506,s-2012,IT1,1,38,27,6,5,71,24,26.7
535,c-6195,s-2012,IT1,2,38,23,9,6,73,36,26.7
536,c-5,s-2012,IT1,3,38,21,9,8,67,39,26.7
537,c-430,s-2012,IT1,4,38,21,7,10,72,44,26.7
538,c-410,s-2012,IT1,5,38,18,12,8,59,45,26.7
539,c-12,s-2012,IT1,6,38,18,8,12,71,56,26.7
540,c-398,s-2012,IT1,7,38,18,7,13,51,42,26.7
541,c-1627,s-2012,IT1,8,38,15,11,12,50,46,26.7
542,c-46,s-2012,IT1,9,38,16,6,16,55,57,26.7
543,c-130,s-2012,IT1,10,38,13,10,15,45,46,26.7
544,c-1390,s-2012,IT1,11,38,12,11,15,43,55,26.7
545,c-862,s-2012,IT1,12,38,12,9,17,37,52,26.7
546,c-1025,s-2012,IT1,13,38,11,11,16,46,52,26.7
547,c-1038,s-2012,IT1,14,38,11,10,17,43,51,26.7
548,c-800,s-2012,IT1,15,38,11,9,18,39,56,26.7
549,c-416,s-2012,IT1,16,38,8,16,14,46,55,26.7
550,c-252,s-2012,IT1,17,38,8,14,16,38,52,26.7
551,c-458,s-2012,IT1,18,38,6,14,18,34,54,26.7
552,c-1387,s-2012,IT1,19,38,9,9,20,36,57,26.7
553,c-2921,s-2012,IT1,20,38,6,4,28,27,84,26.7
554,c-506,s-2013,IT1,1,38,33,3,2,80,23,26.7
555,c-12,s-2013,IT1,2,38,26,7,5,72,25,26.7
556,c-6195,s-2013,IT1,3,38,23,9,6,77,39,26.7
557,c-430,s-2013,IT1,4,38,19,8,11,65,44,26.7
558,c-46,s-2013,IT1,5,38,15,15,8,62,39,26.7
559,c-130,s-2013,IT1,6,38,15,13,10,58,46,26.7
560,c-416,s-2013,IT1,7,38,15,12,11,58,48,26.7
561,c-5,s-2013,IT1,8,38,16,9,13,57,49,26.7
562,c-398,s-2013,IT1,9,38,15,11,12,54,54,26.7
563,c-276,s-2013,IT1,10,38,16,6,16,62,68,26.7
564,c-800,s-2013,IT1,11,38,15,5,18,43,51,26.7
565,c-1038,s-2013,IT1,12,38,12,9,17,48,62,26.7
566,c-410,s-2013,IT1,13,38,12,8,18,46,57,26.7
567,c-252,s-2013,IT1,14,38,11,11,16,41,50,26.7
568,c-1390,s-2013,IT1,15,38,9,12,17,34,53,26.7
569,c-862,s-2013,IT1,16,38,10,6,22,34,54,26.7
570,c-6574,s-2013,IT1,17,38,9,7,22,43,72,26.7
571,c-1627,s-2013,IT1,18,38,8,8,22,34,66,26.7
572,c-1025,s-2013,IT1,19,38,5,14,19,28,58,26.7
573,c-1210,s-2013,IT1,20,38,6,7,25,39,77,26.7
574,c-506,s-2014,IT1,1,38,26,9,3,72,24,26.7
575,c-12,s-2014,IT1,2,38,19,13,6,54,31,26.7
576,c-398,s-2014,IT1,3,38,21,6,11,71,38,26.7
577,c-430,s-2014,IT1,4,38,18,10,10,61,46,26.7
578,c-6195,s-2014,IT1,5,38,18,9,11,70,54,26.7
579,c-252,s-2014,IT1,6,38,16,11,11,62,47,26.7
580,c-1038,s-2014,IT1,7,38,13,17,8,48,42,26.7
581,c-46,s-2014,IT1,8,38,14,13,11,59,48,26.7
582,c-416,s-2014,IT1,9,38,14,12,12,48,45,26.7
583,c-5,s-2014,IT1,10,38,13,13,12,56,50,26.7
584,c-458,s-2014,IT1,11,38,12,13,13,53,55,26.7
585,c-6574,s-2014,IT1,12,38,12,13,13,49,57,26.7
586,c-276,s-2014,IT1,13,38,11,13,14,49,65,26.7
587,c-862,s-2014,IT1,14,38,10,13,15,28,41,26.7
588,c-749,s-2014,IT1,15,38,8,18,12,46,52,26.7
589,c-410,s-2014,IT1,16,38,10,11,17,43,56,26.7
590,c-800,s-2014,IT1,17,38,7,16,15,38,57,26.7
591,c-1390,s-2014,IT1,18,38,8,10,20,48,68,26.7
592,c-1429,s-2014,IT1,19,38,4,12,22,36,73,26.7
593,c-130,s-2014,IT1,20,38,6,8,24,33,75,26.7
594,c-506,s-2015,IT1,1,38,29,4,5,75,20,26.7
595,c-6195,s-2015,IT1,2,38,25,7,6,80,32,26.7
596,c-12,s-2015,IT1,3,38,23,11,4,83,41,26.7
597,c-46,s-2015,IT1,4,38,20,7,11,50,38,26.7
598,c-430,s-2015,IT1,5,38,18,10,10,60,42,26.7
599,c-6574,s-2015,IT1,6,38,16,13,9,49,40,26.7
600,c-5,s-2015,IT1,7,38,15,12,11,49,43,26.7
601,c-398,s-2015,IT1,8,38,15,9,14,52,52,26.7
602,c-862,s-2015,IT1,9,38,13,11,14,43,45,26.7
603,c-252,s-2015,IT1,10,38,13,7,18,45,48,26.7
604,c-749,s-2015,IT1,11,38,12,10,16,40,49,26.7
605,c-416,s-2015,IT1,12,38,12,9,17,52,55,26.7
606,c-800,s-2015,IT1,13,38,11,12,15,41,47,26.7
607,c-1025,s-2015,IT1,14,38,11,9,18,33,45,26.7
608,c-1038,s-2015,IT1,15,38,10,10,18,48,61,26.7
609,c-458,s-2015,IT1,16,38,10,9,19,38,65,26.7
610,c-410,s-2015,IT1,17,38,10,9,19,35,60,26.7
611,c-4102,s-2015,IT1,18,38,9,11,18,37,57,26.7
612,c-8970,s-2015,IT1,19,38,8,7,23,35,76,26.7
613,c-276,s-2015,IT1,20,38,5,13,20,34,63,26.7
614,c-506,s-2016,IT1,1,38,29,4,5,77,27,26.7
615,c-12,s-2016,IT1,2,38,28,3,7,90,38,26.7
616,c-6195,s-2016,IT1,3,38,26,8,4,94,39,26.7
617,c-800,s-2016,IT1,4,38,21,9,8,62,41,26.7
618,c-398,s-2016,IT1,5,38,21,7,10,74,51,26.7
619,c-5,s-2016,IT1,6,38,18,9,11,57,45,26.7
620,c-46,s-2016,IT1,7,38,19,5,14,72,49,26.7
621,c-430,s-2016,IT1,8,38,16,12,10,63,57,26.7
622,c-416,s-2016,IT1,9,38,13,14,11,71,66,26.7
623,c-1038,s-2016,IT1,10,38,12,12,14,49,55,26.7
624,c-1390,s-2016,IT1,11,38,14,5,19,55,76,26.7
625,c-6574,s-2016,IT1,12,38,13,7,18,58,63,26.7
626,c-410,s-2016,IT1,13,38,12,9,17,47,56,26.7
627,c-862,s-2016,IT1,14,38,12,7,19,43,61,26.7
628,c-1025,s-2016,IT1,15,38,11,8,19,40,58,26.7
629,c-252,s-2016,IT1,16,38,9,9,20,38,64,26.7
630,c-4083,s-2016,IT1,17,38,9,7,22,34,58,26.7
631,c-749,s-2016,IT1,18,38,8,8,22,29,61,26.7
632,c-458,s-2016,IT1,19,38,6,8,24,33,77,26.7
633,c-2921,s-2016,IT1,20,38,3,9,26,37,81,26.7
634,c-506,s-2017,IT1,1,38,30,5,3,86,24,26.7
635,c-6195,s-2017,IT1,2,38,28,7,3,77,29,26.7
636,c-12,s-2017,IT1,3,38,23,8,7,61,28,26.7
637,c-46,s-2017,IT1,4,38,20,12,6,66,30,26.7
638,c-398,s-2017,IT1,5,38,21,9,8,89,49,26.7
639,c-5,s-2017,IT1,6,38,18,10,10,56,42,26.7
640,c-800,s-2017,IT1,7,38,16,12,10,57,39,26.7
641,c-430,s-2017,IT1,8,38,16,9,13,54,46,26.7
642,c-416,s-2017,IT1,9,38,13,15,10,54,46,26.7
643,c-1038,s-2017,IT1,10,38,16,6,16,56,60,26.7
644,c-6574,s-2017,IT1,11,38,11,10,17,29,59,26.7
645,c-252,s-2017,IT1,12,38,11,8,19,33,43,26.7
646,c-862,s-2017,IT1,13,38,10,10,18,36,59,26.7
647,c-410,s-2017,IT1,14,38,12,4,22,48,63,26.7
648,c-1025,s-2017,IT1,15,38,11,6,21,40,52,26.7
649,c-1390,s-2017,IT1,16,38,11,6,21,33,61,26.7
650,c-2722,s-2017,IT1,17,38,8,14,16,39,59,26.7
651,c-4083,s-2017,IT1,18,38,9,8,21,40,66,26.7
652,c-276,s-2017,IT1,19,38,7,4,27,30,78,26.7
653,c-4171,s-2017,IT1,20,38,6,3,29,33,84,26.7
654,c-506,s-2018,IT1,1,38,28,6,4,70,30,26.7
655,c-6195,s-2018,IT1,2,38,24,7,7,74,36,26.7
656,c-800,s-2018,IT1,3,38,20,9,9,77,46,26.7
657,c-46,s-2018,IT1,4,38,20,9,9,57,33,26.7
658,c-5,s-2018,IT1,5,38,19,11,8,55,36,26.7
659,c-12,s-2018,IT1,6,38,18,12,8,66,48,26.7
660,c-416,s-2018,IT1,7,38,16,15,7,52,37,26.7
661,c-398,s-2018,IT1,8,38,17,8,13,56,46,26.7
662,c-1038,s-2018,IT1,9,38,15,8,15,60,51,26.7
663,c-1025,s-2018,IT1,10,38,11,11,16,48,56,26.7
664,c-6574,s-2018,IT1,11,38,9,16,13,53,60,26.7
665,c-410,s-2018,IT1,12,38,11,10,17,39,53,26.7
666,c-2722,s-2018,IT1,13,38,11,9,18,44,56,26.7
667,c-130,s-2018,IT1,14,38,10,11,17,41,61,26.7
668,c-1390,s-2018,IT1,15,38,10,11,17,36,54,26.7
669,c-430,s-2018,IT1,16,38,8,17,13,47,45,26.7
670,c-252,s-2018,IT1,17,38,8,14,16,39,57,26.7
671,c-749,s-2018,IT1,18,38,10,8,20,51,70,26.7
672,c-8970,s-2018,IT1,19,38,5,10,23,29,69,26.7
673,c-862,s-2018,IT1,20,38,2,14,22,25,75,26.7
674,c-506,s-2019,IT1,1,38,26,5,7,76,43,26.7
675,c-46,s-2019,IT1,2,38,24,10,4,81,36,26.7
676,c-800,s-2019,IT1,3,38,23,9,6,98,48,26.7
677,c-398,s-2019,IT1,4,38,24,6,8,79,42,26.7
678,c-12,s-2019,IT1,5,38,21,7,10,77,51,26.7
679,c-5,s-2019,IT1,6,38,19,9,10,63,46,26.7
680,c-6195,s-2019,IT1,7,38,18,8,12,61,50,26.7
681,c-6574,s-2019,IT1,8,38,14,9,15,69,63,26.7
682,c-276,s-2019,IT1,9,38,12,13,13,47,51,26.7
683,c-430,s-2019,IT1,10,38,12,13,13,51,48,26.7
684,c-130,s-2019,IT1,11,38,14,7,17,56,57,26.7
685,c-1025,s-2019,IT1,12,38,12,11,15,52,65,26.7
686,c-410,s-2019,IT1,13,38,12,9,17,37,51,26.7
687,c-1390,s-2019,IT1,14,38,11,12,15,52,56,26.7
688,c-1038,s-2019,IT1,15,38,12,6,20,48,65,26.7
689,c-416,s-2019,IT1,16,38,11,7,20,46,68,26.7
690,c-252,s-2019,IT1,17,38,10,9,19,47,73,26.7
691,c-1005,s-2019,IT1,18,38,9,8,21,52,85,26.7
692,c-19,s-2019,IT1,19,38,6,7,25,35,79,26.7
693,c-2722,s-2019,IT1,20,38,5,5,28,27,77,26.7
694,c-46,s-2020,IT1,1,38,28,7,3,89,35,26.7
695,c-5,s-2020,IT1,2,38,24,7,7,74,41,26.7
696,c-800,s-2020,IT1,3,38,23,9,6,90,47,26.7
697,c-506,s-2020,IT1,4,38,23,9,6,77,38,26.7
698,c-6195,s-2020,IT1,5,38,24,5,9,86,41,26.7
699,c-398,s-2020,IT1,6,38,21,5,12,61,55,26.7
700,c-12,s-2020,IT1,7,38,18,8,12,68,58,26.7
701,c-6574,s-2020,IT1,8,38,17,11,10,64,56,26.7
702,c-1038,s-2020,IT1,9,38,15,7,16,52,54,26.7
703,c-276,s-2020,IT1,10,38,11,12,15,46,48,26.7
704,c-252,s-2020,IT1,11,38,10,12,16,47,58,26.7
705,c-1025,s-2020,IT1,12,38,10,11,17,51,65,26.7
706,c-430,s-2020,IT1,13,38,9,13,16,47,59,26.7
707,c-410,s-2020,IT1,14,38,10,10,18,42,58,26.7
708,c-3522,s-2020,IT1,15,38,9,12,17,52,72,26.7
709,c-1390,s-2020,IT1,16,38,9,10,19,43,59,26.7
710,c-416,s-2020,IT1,17,38,7,16,15,50,69,26.7
711,c-4171,s-2020,IT1,18,38,7,12,19,40,75,26.7
712,c-4083,s-2020,IT1,19,38,6,5,27,45,92,26.7
713,c-130,s-2020,IT1,20,38,3,11,24,39,83,26.7
714,c-5,s-2021,IT1,1,38,26,8,4,69,31,26.7
715,c-46,s-2021,IT1,2,38,25,9,4,84,32,26.7
716,c-6195,s-2021,IT1,3,38,24,7,7,74,31,26.7
717,c-506,s-2021,IT1,4,38,20,10,8,57,37,26.7
718,c-398,s-2021,IT1,5,38,18,10,10,77,58,26.7
719,c-12,s-2021,IT1,6,38,18,9,11,59,43,26.7
720,c-430,s-2021,IT1,7,38,19,5,14,59,51,26.7
721,c-800,s-2021,IT1,8,38,16,11,11,65,48,26.7
722,c-276,s-2021,IT1,9,38,14,11,13,65,59,26.7
723,c-416,s-2021,IT1,10,38,13,11,14,46,41,26.7
724,c-6574,s-2021,IT1,11,38,13,11,14,64,66,26.7
725,c-410,s-2021,IT1,12,38,11,14,13,61,58,26.7
726,c-1025,s-2021,IT1,13,38,12,10,16,44,55,26.7
727,c-749,s-2021,IT1,14,38,10,11,17,50,70,26.7
728,c-1038,s-2021,IT1,15,38,10,6,22,46,63,26.7
729,c-3522,s-2021,IT1,16,38,10,6,22,41,71,26.7
730,c-380,s-2021,IT1,17,38,7,10,21,33,78,26.7
731,c-1390,s-2021,IT1,18,38,6,12,20,34,68,26.7
732,c-252,s-2021,IT1,19,38,4,16,18,27,60,26.7
733,c-607,s-2021,IT1,20,38,6,9,23,34,69,26.7
734,c-6195,s-2022,IT1,1,36,27,5,4,73,26,26.7
735,c-398,s-2022,IT1,2,36,20,8,8,55,28,26.7
736,c-46,s-2022,IT1,3,36,21,3,12,67,40,26.7
737,c-5,s-2022,IT1,4,36,18,10,8,60,42,26.7
738,c-800,s-2022,IT1,5,36,18,7,11,59,43,26.7
739,c-12,s-2022,IT1,6,36,17,9,10,47,35,26.7
740,c-506,s-2022,IT1,7,36,21,6,9,55,32,26.7
741,c-2919,s-2022,IT1,8,36,14,10,12,46,46,26.7
742,c-1025,s-2022,IT1,9,36,13,11,12,48,45,26.7
743,c-416,s-2022,IT1,10,36,13,11,12,38,40,26.7
744,c-430,s-2022,IT1,11,36,13,11,12,48,41,26.7
745,c-410,s-2022,IT1,12,36,11,13,12,45,44,26.7
746,c-6574,s-2022,IT1,13,36,12,8,16,44,56,26.7
747,c-749,s-2022,IT1,14,36,10,12,14,36,46,26.7
748,c-380,s-2022,IT1,15,36,8,15,13,45,58,26.7
749,c-1005,s-2022,IT1,16,36,7,12,17,30,43,26.7
750,c-3522,s-2022,IT1,17,36,6,13,17,30,56,26.7
751,c-276,s-2022,IT1,18,36,7,9,20,29,55,26.7
752,c-2239,s-2022,IT1,19,36,4,12,20,32,66,26.7
753,c-1038,s-2022,IT1,20,36,3,9,24,22,67,26.7
754,c-1082,s-2010,FR1,1,38,21,13,4,68,36,26.0
755,c-244,s-2010,FR1,2,38,18,14,6,62,39,26.0
756,c-1041,s-2010,FR1,3,38,17,13,8,61,40,26.0
757,c-583,s-2010,FR1,4,38,15,15,8,56,41,26.0
758,c-750,s-2010,FR1,5,38,17,7,14,60,43,26.0
759,c-273,s-2010,FR1,6,38,15,11,12,38,35,26.0
760,c-40,s-2010,FR1,7,38,12,15,11,43,42,26.0
761,c-415,s-2010,FR1,8,38,14,8,16,38,36,26.0
762,c-290,s-2010,FR1,9,38,10,19,9,45,41,26.0
763,c-618,s-2010,FR1,10,38,12,13,13,46,47,26.0
764,c-1158,s-2010,FR1,11,38,12,13,13,46,48,26.0
765,c-1423,s-2010,FR1,12,38,10,18,10,45,41,26.0
766,c-1159,s-2010,FR1,13,38,13,9,16,43,48,26.0
767,c-969,s-2010,FR1,14,38,12,11,15,32,43,26.0
768,c-1162,s-2010,FR1,15,38,11,13,14,46,51,26.0
769,c-3911,s-2010,FR1,16,38,11,13,14,36,43,26.0
770,c-417,s-2010,FR1,17,38,11,13,14,33,48,26.0
771,c-162,s-2010,FR1,18,38,9,17,12,36,40,26.0
772,c-826,s-2010,FR1,19,38,7,14,17,35,58,26.0
773,c-11300,s-2010,FR1,20,38,3,11,24,21,70,26.0
774,c-969,s-2011,FR1,1,38,25,7,6,68,34,26.0
775,c-583,s-2011,FR1,2,38,23,10,5,75,41,26.0
776,c-1082,s-2011,FR1,3,38,21,11,6,72,39,26.0
777,c-1041,s-2011,FR1,4,38,19,7,12,64,51,26.0
778,c-40,s-2011,FR1,5,38,16,13,9,53,41,26.0
779,c-273,s-2011,FR1,6,38,17,9,12,53,44,26.0
780,c-618,s-2011,FR1,7,38,16,9,13,49,45,26.0
781,c-415,s-2011,FR1,8,38,15,11,12,37,34,26.0
782,c-14171,s-2011,FR1,9,38,13,11,14,54,55,26.0
783,c-244,s-2011,FR1,10,38,12,12,14,45,41,26.0
784,c-1159,s-2011,FR1,11,38,11,12,15,38,48,26.0
785,c-1423,s-2011,FR1,12,38,12,7,19,40,50,26.0
786,c-417,s-2011,FR1,13,38,10,12,16,39,46,26.0
787,c-750,s-2011,FR1,14,38,11,9,18,40,60,26.0
788,c-3911,s-2011,FR1,15,38,8,17,13,31,38,26.0
789,c-1147,s-2011,FR1,16,38,9,14,15,40,61,26.0
790,c-1158,s-2011,FR1,17,38,9,12,17,35,49,26.0
791,c-1162,s-2011,FR1,18,38,9,11,18,39,59,26.0
792,c-2969,s-2011,FR1,19,38,9,9,20,38,63,26.0
793,c-290,s-2011,FR1,20,38,7,13,18,46,57,26.0
794,c-583,s-2012,FR1,1,38,25,8,5,69,23,26.0
795,c-244,s-2012,FR1,2,38,21,8,9,42,36,26.0
796,c-1041,s-2012,FR1,3,38,19,10,9,61,38,26.0
797,c-417,s-2012,FR1,4,38,18,10,10,57,46,26.0
798,c-618,s-2012,FR1,5,38,16,15,7,60,32,26.0
799,c-1082,s-2012,FR1,6,38,16,14,8,59,40,26.0
800,c-40,s-2012,FR1,7,38,13,16,9,40,34,26.0
801,c-1158,s-2012,FR1,8,38,14,11,13,57,58,26.0
802,c-969,s-2012,FR1,9,38,15,7,16,54,51,26.0
803,c-415,s-2012,FR1,10,38,13,12,13,49,47,26.0
804,c-1423,s-2012,FR1,11,38,12,12,14,49,53,26.0
805,c-595,s-2012,FR1,12,38,13,8,17,50,66,26.0
806,c-273,s-2012,FR1,13,38,13,7,18,48,59,26.0
807,c-1421,s-2012,FR1,14,38,10,13,15,33,42,26.0
808,c-750,s-2012,FR1,15,38,10,11,17,41,57,26.0
809,c-14171,s-2012,FR1,16,38,10,10,18,46,53,26.0
810,c-1147,s-2012,FR1,17,38,9,15,14,39,51,26.0
811,c-1159,s-2012,FR1,18,38,9,11,18,38,58,26.0
812,c-1095,s-2012,FR1,19,38,8,13,17,43,61,26.0
813,c-3911,s-2012,FR1,20,38,8,5,25,32,62,26.0
814,c-583,s-2013,FR1,1,38,27,8,3,84,23,26.0
815,c-162,s-2013,FR1,2,38,23,11,4,63,31,26.0
816,c-1082,s-2013,FR1,3,38,20,11,7,46,26,26.0
817,c-618,s-2013,FR1,4,38,20,9,9,56,34,26.0
818,c-1041,s-2013,FR1,5,38,17,10,11,56,44,26.0
819,c-244,s-2013,FR1,6,38,16,12,10,53,40,26.0
820,c-40,s-2013,FR1,7,38,13,14,11,49,43,26.0
821,c-1158,s-2013,FR1,8,38,13,10,15,48,53,26.0
822,c-415,s-2013,FR1,9,38,12,13,13,46,53,26.0
823,c-595,s-2013,FR1,10,38,12,11,15,42,56,26.0
824,c-1421,s-2013,FR1,11,38,12,12,14,44,52,26.0
825,c-273,s-2013,FR1,12,38,11,13,14,47,45,26.0
826,c-995,s-2013,FR1,13,38,12,11,15,38,43,26.0
827,c-14171,s-2013,FR1,14,38,11,11,16,39,51,26.0
828,c-969,s-2013,FR1,15,38,8,18,12,45,53,26.0
829,c-855,s-2013,FR1,16,38,11,9,18,34,42,26.0
830,c-417,s-2013,FR1,17,38,12,6,20,30,44,26.0
831,c-750,s-2013,FR1,18,38,10,10,18,37,61,26.0
832,c-1423,s-2013,FR1,19,38,7,8,23,37,65,26.0
833,c-1147,s-2013,FR1,20,38,4,11,23,37,72,26.0
834,c-583,s-2014,FR1,1,38,24,11,3,83,36,26.0
835,c-1041,s-2014,FR1,2,38,22,9,7,72,33,26.0
836,c-162,s-2014,FR1,3,38,20,11,7,51,26,26.0
837,c-244,s-2014,FR1,4,38,21,6,11,76,42,26.0
838,c-618,s-2014,FR1,5,38,19,12,7,51,30,26.0
839,c-40,s-2014,FR1,6,38,17,12,9,47,44,26.0
840,c-969,s-2014,FR1,7,38,16,8,14,46,39,26.0
841,c-1082,s-2014,FR1,8,38,16,8,14,43,42,26.0
842,c-273,s-2014,FR1,9,38,13,11,14,35,42,26.0
843,c-855,s-2014,FR1,10,38,15,4,19,41,55,26.0
844,c-417,s-2014,FR1,11,38,13,9,16,44,53,26.0
845,c-595,s-2014,FR1,12,38,12,11,15,37,46,26.0
846,c-1162,s-2014,FR1,13,38,12,10,16,54,55,26.0
847,c-995,s-2014,FR1,14,38,11,12,15,29,40,26.0
848,c-1421,s-2014,FR1,15,38,12,8,18,47,66,26.0
849,c-1158,s-2014,FR1,16,38,12,7,19,44,50,26.0
850,c-415,s-2014,FR1,17,38,12,6,20,43,64,26.0
851,c-14171,s-2014,FR1,18,38,11,4,23,41,62,26.0
852,c-347,s-2014,FR1,19,38,7,9,22,31,61,26.0
853,c-826,s-2014,FR1,20,38,7,8,23,32,61,26.0
854,c-583,s-2015,FR1,1,38,30,6,2,102,19,26.0
855,c-1041,s-2015,FR1,2,38,19,8,11,67,43,26.0
856,c-162,s-2015,FR1,3,38,17,14,7,57,50,26.0
857,c-417,s-2015,FR1,4,38,18,9,11,58,41,26.0
858,c-1082,s-2015,FR1,5,38,15,15,8,39,27,26.0
859,c-618,s-2015,FR1,6,38,17,7,14,42,37,26.0
860,c-1162,s-2015,FR1,7,38,16,6,16,39,52,26.0
861,c-273,s-2015,FR1,8,38,13,13,12,52,54,26.0
862,c-1420,s-2015,FR1,9,38,13,11,14,40,38,26.0
863,c-595,s-2015,FR1,10,38,14,8,16,36,42,26.0
864,c-40,s-2015,FR1,11,38,12,14,12,50,57,26.0
865,c-969,s-2015,FR1,12,38,14,7,17,49,47,26.0
866,c-244,s-2015,FR1,13,38,10,18,10,48,42,26.0
867,c-995,s-2015,FR1,14,38,12,12,14,33,44,26.0
868,c-1158,s-2015,FR1,15,38,11,13,14,47,58,26.0
869,c-855,s-2015,FR1,16,38,11,11,16,47,56,26.0
870,c-415,s-2015,FR1,17,38,9,13,16,45,55,26.0
871,c-1421,s-2015,FR1,18,38,10,9,19,44,57,26.0
872,c-3558,s-2015,FR1,19,38,8,13,17,37,58,26.0
873,c-1095,s-2015,FR1,20,38,3,9,26,28,83,26.0
874,c-162,s-2016,FR1,1,38,30,5,3,107,31,26.0
875,c-583,s-2016,FR1,2,38,27,6,5,83,27,26.0
876,c-417,s-2016,FR1,3,38,22,12,4,63,36,26.0
877,c-1041,s-2016,FR1,4,38,20,5,13,77,48,26.0
878,c-244,s-2016,FR1,5,38,17,11,10,57,41,26.0
879,c-40,s-2016,FR1,6,38,15,14,9,53,43,26.0
880,c-995,s-2016,FR1,7,38,14,9,15,40,54,26.0
881,c-618,s-2016,FR1,8,38,12,14,12,41,42,26.0
882,c-273,s-2016,FR1,9,38,12,14,12,36,42,26.0
883,c-855,s-2016,FR1,10,38,14,8,16,46,53,26.0
884,c-1082,s-2016,FR1,11,38,13,7,18,40,47,26.0
885,c-1420,s-2016,FR1,12,38,13,7,18,40,49,26.0
886,c-415,s-2016,FR1,13,38,10,14,14,37,41,26.0
887,c-347,s-2016,FR1,14,38,11,10,17,39,72,26.0
888,c-969,s-2016,FR1,15,38,10,9,19,48,66,26.0
889,c-2969,s-2016,FR1,16,38,8,13,17,46,58,26.0
890,c-1162,s-2016,FR1,17,38,10,7,21,36,65,26.0
891,c-1158,s-2016,FR1,18,38,10,6,22,44,70,26.0
892,c-1159,s-2016,FR1,19,38,9,8,21,29,52,26.0
893,c-595,s-2016,FR1,20,38,8,11,19,29,54,26.0
894,c-583,s-2017,FR1,1,38,29,6,3,108,29,26.0
895,c-162,s-2017,FR1,2,38,24,8,6,85,45,26.0
896,c-1041,s-2017,FR1,3,38,23,9,6,87,43,26.0
897,c-244,s-2017,FR1,4,38,22,11,5,80,47,26.0
898,c-273,s-2017,FR1,5,38,16,10,12,50,44,26.0
899,c-40,s-2017,FR1,6,38,16,7,15,53,48,26.0
900,c-618,s-2017,FR1,7,38,15,10,13,47,50,26.0
901,c-417,s-2017,FR1,8,38,15,9,14,53,52,26.0
902,c-995,s-2017,FR1,9,38,14,10,14,36,41,26.0
903,c-969,s-2017,FR1,10,38,11,18,9,36,33,26.0
904,c-2969,s-2017,FR1,11,38,13,9,16,55,73,26.0
905,c-855,s-2017,FR1,12,38,12,11,15,48,59,26.0
906,c-1416,s-2017,FR1,13,38,12,9,17,37,42,26.0
907,c-1420,s-2017,FR1,14,38,9,14,15,42,52,26.0
908,c-667,s-2017,FR1,15,38,9,11,18,44,67,26.0
909,c-1162,s-2017,FR1,16,38,10,8,20,27,52,26.0
910,c-1082,s-2017,FR1,17,38,10,8,20,41,67,26.0
911,c-415,s-2017,FR1,18,38,9,10,19,38,54,26.0
912,c-1095,s-2017,FR1,19,38,9,6,23,32,59,26.0
913,c-347,s-2017,FR1,20,38,6,8,24,34,76,26.0
914,c-583,s-2018,FR1,1,38,29,4,5,105,35,26.0
915,c-1082,s-2018,FR1,2,38,22,9,7,68,33,26.0
916,c-1041,s-2018,FR1,3,38,21,9,8,70,47,26.0
917,c-618,s-2018,FR1,4,38,19,9,10,59,41,26.0
918,c-244,s-2018,FR1,5,38,18,7,13,60,52,26.0
919,c-969,s-2018,FR1,6,38,15,14,9,53,42,26.0
920,c-417,s-2018,FR1,7,38,15,11,12,30,35,26.0
921,c-1421,s-2018,FR1,8,38,13,16,9,39,42,26.0
922,c-1160,s-2018,FR1,9,38,15,8,15,57,58,26.0
923,c-273,s-2018,FR1,10,38,13,13,12,55,52,26.0
924,c-667,s-2018,FR1,11,38,11,16,11,58,48,26.0
925,c-995,s-2018,FR1,12,38,13,9,16,48,48,26.0
926,c-1420,s-2018,FR1,13,38,10,16,12,44,49,26.0
927,c-40,s-2018,FR1,14,38,10,11,17,34,42,26.0
928,c-1416,s-2018,FR1,15,38,9,11,18,31,52,26.0
929,c-415,s-2018,FR1,16,38,8,14,16,35,57,26.0
930,c-162,s-2018,FR1,17,38,8,12,18,38,57,26.0
931,c-2969,s-2018,FR1,18,38,9,7,22,31,60,26.0
932,c-1162,s-2018,FR1,19,38,7,12,19,29,54,26.0
933,c-855,s-2018,FR1,20,38,5,12,21,28,68,26.0
934,c-583,s-2019,FR1,1,27,22,2,3,75,24,26.0
935,c-244,s-2019,FR1,2,28,16,8,4,41,29,26.0
936,c-273,s-2019,FR1,3,28,15,5,8,38,24,26.0
937,c-1082,s-2019,FR1,4,28,15,4,9,35,27,26.0
938,c-1421,s-2019,FR1,5,28,10,11,7,26,21,26.0
939,c-417,s-2019,FR1,6,28,11,8,9,41,38,26.0
940,c-1041,s-2019,FR1,7,28,11,7,10,42,27,26.0
941,c-969,s-2019,FR1,8,28,11,7,10,35,34,26.0
942,c-162,s-2019,FR1,9,28,11,7,10,44,44,26.0
943,c-667,s-2019,FR1,10,27,11,5,11,32,32,26.0
944,c-1420,s-2019,FR1,11,28,11,6,11,28,33,26.0
945,c-40,s-2019,FR1,12,28,9,10,9,40,34,26.0
946,c-995,s-2019,FR1,13,28,11,4,13,28,31,26.0
947,c-3911,s-2019,FR1,14,28,8,10,10,34,37,26.0
948,c-347,s-2019,FR1,15,28,8,10,10,27,35,26.0
949,c-2969,s-2019,FR1,16,28,7,9,12,27,37,26.0
950,c-618,s-2019,FR1,17,28,8,6,14,29,45,26.0
951,c-1160,s-2019,FR1,18,28,7,6,15,29,44,26.0
952,c-1416,s-2019,FR1,19,28,4,11,13,31,50,26.0
953,c-415,s-2019,FR1,20,28,3,4,21,22,58,26.0
954,c-1082,s-2020,FR1,1,38,24,11,3,64,23,26.0
955,c-583,s-2020,FR1,2,38,26,4,8,86,28,26.0
956,c-162,s-2020,FR1,3,38,24,6,8,76,42,26.0
957,c-1041,s-2020,FR1,4,38,22,10,6,81,43,26.0
958,c-244,s-2020,FR1,5,38,16,12,10,54,47,26.0
959,c-273,s-2020,FR1,6,38,16,10,12,52,40,26.0
960,c-826,s-2020,FR1,7,38,15,12,11,55,54,26.0
961,c-969,s-2020,FR1,8,38,14,12,12,60,62,26.0
962,c-417,s-2020,FR1,9,38,15,7,16,50,53,26.0
963,c-347,s-2020,FR1,10,38,12,11,15,44,48,26.0
964,c-618,s-2020,FR1,11,38,12,10,16,42,54,26.0
965,c-40,s-2020,FR1,12,38,13,6,19,42,56,26.0
966,c-1420,s-2020,FR1,13,38,12,8,18,40,58,26.0
967,c-1421,s-2020,FR1,14,38,9,15,14,42,50,26.0
968,c-667,s-2020,FR1,15,38,11,9,18,49,58,26.0
969,c-1158,s-2020,FR1,16,38,11,9,18,50,68,26.0
970,c-3911,s-2020,FR1,17,38,11,8,19,50,66,26.0
971,c-995,s-2020,FR1,18,38,9,13,16,47,55,26.0
972,c-1160,s-2020,FR1,19,38,9,8,21,40,71,26.0
973,c-2969,s-2020,FR1,20,38,4,9,25,25,73,26.0
974,c-583,s-2021,FR1,1,38,26,8,4,90,36,26.0
975,c-244,s-2021,FR1,2,38,21,8,9,63,38,26.0
976,c-162,s-2021,FR1,3,38,20,9,9,65,40,26.0
977,c-273,s-2021,FR1,4,38,20,6,12,82,40,26.0
978,c-417,s-2021,FR1,5,38,20,7,11,52,36,26.0
979,c-667,s-2021,FR1,6,38,17,12,9,60,43,26.0
980,c-826,s-2021,FR1,7,38,17,11,10,62,48,26.0
981,c-1041,s-2021,FR1,8,38,17,11,10,66,51,26.0
982,c-995,s-2021,FR1,9,38,15,10,13,55,48,26.0
983,c-1082,s-2021,FR1,10,38,14,13,11,48,48,26.0
984,c-3911,s-2021,FR1,11,38,13,9,16,49,57,26.0
985,c-1421,s-2021,FR1,12,38,11,13,14,43,44,26.0
986,c-969,s-2021,FR1,13,38,12,7,19,49,61,26.0
987,c-1420,s-2021,FR1,14,38,10,11,17,44,55,26.0
988,c-1095,s-2021,FR1,15,38,9,11,18,37,53,26.0
989,c-1158,s-2021,FR1,16,38,8,12,18,35,63,26.0
990,c-3524,s-2021,FR1,17,38,9,9,20,38,69,26.0
991,c-618,s-2021,FR1,18,38,7,11,20,42,77,26.0
992,c-347,s-2021,FR1,19,38,6,13,19,35,69,26.0
993,c-40,s-2021,FR1,20,38,6,13,19,52,91,26.0
994,c-583,s-2022,FR1,1,36,27,3,6,86,36,26.0
995,c-826,s-2022,FR1,2,36,23,9,4,62,28,26.0
996,c-244,s-2022,FR1,3,36,22,7,7,66,37,26.0
997,c-162,s-2022,FR1,4,36,19,8,9,69,54,26.0
998,c-1082,s-2022,FR1,5,36,18,9,9,62,42,26.0
999,c-273,s-2022,FR1,6,36,19,5,12,65,38,26.0
1000,c-1041,s-2022,FR1,7,36,17,8,11,61,44,26.0
1001,c-3524,s-2022,FR1,8,36,15,8,13,40,47,26.0
1002,c-417,s-2022,FR1,9,36,13,13,10,42,34,26.0
1003,c-1158,s-2022,FR1,10,36,14,10,12,50,50,26.0
1004,c-1421,s-2022,FR1,11,36,12,15,9,44,39,26.0
1005,c-969,s-2022,FR1,12,36,14,5,17,60,58,26.0
1006,c-415,s-2022,FR1,13,36,12,8,16,48,55,26.0
1007,c-3911,s-2022,FR1,14,36,10,11,15,41,51,26.0
1008,c-667,s-2022,FR1,15,36,9,12,15,49,56,26.0
1009,c-290,s-2022,FR1,16,36,8,10,18,33,59,26.0
1010,c-995,s-2022,FR1,17,36,6,15,15,35,53,26.0
1011,c-1095,s-2022,FR1,18,36,4,11,21,43,78,26.0
1012,c-1147,s-2022,FR1,19,36,6,5,25,22,71,26.0
1013,c-1420,s-2022,FR1,20,36,3,6,27,31,79,26.0
1014,c-131,s-2010,ES1,1,38,30,6,2,95,21,27.9
1015,c-418,s-2010,ES1,2,38,29,5,4,102,33,27.9
1016,c-1049,s-2010,ES1,3,38,21,8,9,64,44,27.9
1017,c-1050,s-2010,ES1,4,38,18,8,12,54,44,27.9
1018,c-368,s-2010,ES1,5,38,17,7,14,62,61,27.9
1019,c-621,s-2010,ES1,6,38,18,4,16,59,55,27.9
1020,c-13,s-2010,ES1,7,38,17,7,14,62,53,27.9
1021,c-714,s-2010,ES1,8,38,15,4,19,46,55,27.9
1022,c-331,s-2010,ES1,9,38,13,8,17,45,46,27.9
1023,c-2448,s-2010,ES1,10,38,11,14,13,35,42,27.9
1024,c-1084,s-2010,ES1,11,38,13,7,18,54,68,27.9
1025,c-630,s-2010,ES1,12,38,12,10,16,41,56,27.9
1026,c-142,s-2010,ES1,13,38,12,9,17,40,53,27.9
1027,c-3368,s-2010,ES1,14,38,12,9,17,41,52,27.9
1028,c-681,s-2010,ES1,15,38,14,3,21,49,66,27.9
1029,c-3709,s-2010,ES1,16,38,12,8,18,49,60,27.9
1030,c-237,s-2010,ES1,17,38,12,8,18,41,56,27.9
1031,c-897,s-2010,ES1,18,38,10,13,15,31,47,27.9
1032,c-7971,s-2010,ES1,19,38,9,8,21,36,60,27.9
1033,c-3302,s-2010,ES1,20,38,6,12,20,36,70,27.9
1034,c-418,s-2011,ES1,1,38,32,4,2,121,32,27.9
1035,c-131,s-2011,ES1,2,38,28,7,3,114,29,27.9
1036,c-1049,s-2011,ES1,3,38,17,10,11,59,44,27.9
1037,c-1084,s-2011,ES1,4,38,17,7,14,54,53,27.9
1038,c-13,s-2011,ES1,5,38,15,11,12,53,46,27.9
1039,c-3368,s-2011,ES1,6,38,16,7,15,54,50,27.9
1040,c-331,s-2011,ES1,7,38,13,15,10,44,61,27.9
1041,c-237,s-2011,ES1,8,38,14,10,14,42,46,27.9
1042,c-368,s-2011,ES1,9,38,13,11,14,48,47,27.9
1043,c-621,s-2011,ES1,10,38,12,13,13,49,52,27.9
1044,c-3709,s-2011,ES1,11,38,12,11,15,40,51,27.9
1045,c-681,s-2011,ES1,12,38,12,11,15,46,52,27.9
1046,c-150,s-2011,ES1,13,38,13,8,17,47,56,27.9
1047,c-714,s-2011,ES1,14,38,12,10,16,46,56,27.9
1048,c-367,s-2011,ES1,15,38,13,4,21,53,73,27.9
1049,c-142,s-2011,ES1,16,38,12,7,19,36,61,27.9
1050,c-16795,s-2011,ES1,17,38,12,6,20,35,56,27.9
1051,c-1050,s-2011,ES1,18,38,9,14,15,39,53,27.9
1052,c-2448,s-2011,ES1,19,38,10,7,21,42,69,27.9
1053,c-630,s-2011,ES1,20,38,4,15,19,28,63,27.9
1054,c-131,s-2012,ES1,1,38,32,4,2,115,40,27.9
1055,c-418,s-2012,ES1,2,38,26,7,5,103,42,27.9
1056,c-13,s-2012,ES1,3,38,23,7,8,65,31,27.9
1057,c-681,s-2012,ES1,4,38,18,12,8,70,49,27.9
1058,c-1049,s-2012,ES1,5,38,19,8,11,67,54,27.9
1059,c-1084,s-2012,ES1,6,38,16,9,13,53,50,27.9
1060,c-150,s-2012,ES1,7,38,16,8,14,57,56,27.9
1061,c-367,s-2012,ES1,8,38,16,5,17,50,66,27.9
1062,c-368,s-2012,ES1,9,38,14,8,16,58,54,27.9
1063,c-3709,s-2012,ES1,10,38,13,8,17,43,57,27.9
1064,c-3368,s-2012,ES1,11,38,12,10,16,40,57,27.9
1065,c-621,s-2012,ES1,12,38,12,9,17,44,65,27.9
1066,c-714,s-2012,ES1,13,38,11,11,16,43,52,27.9
1067,c-366,s-2012,ES1,14,38,11,10,17,49,58,27.9
1068,c-16795,s-2012,ES1,15,38,11,9,18,37,54,27.9
1069,c-331,s-2012,ES1,16,38,10,9,19,33,50,27.9
1070,c-940,s-2012,ES1,17,38,10,7,21,37,52,27.9
1071,c-237,s-2012,ES1,18,38,9,9,20,43,72,27.9
1072,c-897,s-2012,ES1,19,38,8,11,19,47,70,27.9
1073,c-142,s-2012,ES1,20,38,9,7,22,37,62,27.9
1074,c-13,s-2013,ES1,1,38,28,6,4,77,26,27.9
1075,c-131,s-2013,ES1,2,38,27,6,5,100,33,27.9
1076,c-418,s-2013,ES1,3,38,27,6,5,104,38,27.9
1077,c-621,s-2013,ES1,4,38,20,10,8,66,39,27.9
1078,c-368,s-2013,ES1,5,38,18,9,11,69,52,27.9
1079,c-1050,s-2013,ES1,6,38,17,8,13,60,44,27.9
1080,c-681,s-2013,ES1,7,38,16,11,11,62,55,27.9
1081,c-1049,s-2013,ES1,8,38,13,10,15,51,53,27.9
1082,c-940,s-2013,ES1,9,38,14,7,17,49,54,27.9
1083,c-3368,s-2013,ES1,10,38,12,12,14,35,43,27.9
1084,c-1084,s-2013,ES1,11,38,12,9,17,39,46,27.9
1085,c-367,s-2013,ES1,12,38,13,4,21,46,80,27.9
1086,c-3709,s-2013,ES1,13,38,11,9,18,35,54,27.9
1087,c-714,s-2013,ES1,14,38,11,9,18,41,51,27.9
1088,c-16795,s-2013,ES1,15,38,12,5,21,32,56,27.9
1089,c-1531,s-2013,ES1,16,38,9,13,16,30,50,27.9
1090,c-3302,s-2013,ES1,17,38,11,7,20,43,71,27.9
1091,c-331,s-2013,ES1,18,38,10,9,19,32,62,27.9
1092,c-366,s-2013,ES1,19,38,7,15,16,38,60,27.9
1093,c-150,s-2013,ES1,20,38,6,7,25,36,78,27.9
1094,c-131,s-2014,ES1,1,38,30,4,4,110,21,27.9
1095,c-418,s-2014,ES1,2,38,30,2,6,118,38,27.9
1096,c-13,s-2014,ES1,3,38,23,9,6,67,29,27.9
1097,c-1049,s-2014,ES1,4,38,22,11,5,70,32,27.9
1098,c-368,s-2014,ES1,5,38,23,7,8,71,45,27.9
1099,c-1050,s-2014,ES1,6,38,16,12,10,48,37,27.9
1100,c-621,s-2014,ES1,7,38,15,10,13,42,41,27.9
1101,c-940,s-2014,ES1,8,38,13,12,13,47,44,27.9
1102,c-1084,s-2014,ES1,9,38,14,8,16,42,48,27.9
1103,c-714,s-2014,ES1,10,38,13,10,15,47,51,27.9
1104,c-367,s-2014,ES1,11,38,15,4,19,46,68,27.9
1105,c-681,s-2014,ES1,12,38,11,13,14,44,51,27.9
1106,c-1531,s-2014,ES1,13,38,11,8,19,35,62,27.9
1107,c-3368,s-2014,ES1,14,38,9,10,19,34,67,27.9
1108,c-3709,s-2014,ES1,15,38,10,7,21,33,64,27.9
1109,c-897,s-2014,ES1,16,38,7,14,17,35,60,27.9
1110,c-16795,s-2014,ES1,17,38,7,14,17,29,64,27.9
1111,c-1533,s-2014,ES1,18,38,9,8,21,34,55,27.9
1112,c-3302,s-2014,ES1,19,38,8,8,22,35,64,27.9
1113,c-993,s-2014,ES1,20,38,3,11,24,22,68,27.9
1114,c-131,s-2015,ES1,1,38,29,4,5,112,29,27.9
1115,c-418,s-2015,ES1,2,38,28,6,4,110,34,27.9
1116,c-13,s-2015,ES1,3,38,28,4,6,63,18,27.9
1117,c-1050,s-2015,ES1,4,38,18,10,10,44,35,27.9
1118,c-621,s-2015,ES1,5,38,18,8,12,58,45,27.9
1119,c-940,s-2015,ES1,6,38,17,9,12,51,59,27.9
1120,c-368,s-2015,ES1,7,38,14,10,14,51,50,27.9
1121,c-1084,s-2015,ES1,8,38,12,12,14,38,35,27.9
1122,c-681,s-2015,ES1,9,38,13,9,16,45,48,27.9
1123,c-150,s-2015,ES1,10,38,11,12,15,34,52,27.9
1124,c-472,s-2015,ES1,11,38,12,8,18,45,53,27.9
1125,c-1049,s-2015,ES1,12,38,11,11,16,46,48,27.9
1126,c-1533,s-2015,ES1,13,38,11,10,17,49,61,27.9
1127,c-714,s-2015,ES1,14,38,12,7,19,40,74,27.9
1128,c-897,s-2015,ES1,15,38,8,18,12,45,61,27.9
1129,c-16795,s-2015,ES1,16,38,10,9,19,46,69,27.9
1130,c-2448,s-2015,ES1,17,38,10,9,19,40,62,27.9
1131,c-367,s-2015,ES1,18,38,9,11,18,52,73,27.9
1132,c-3709,s-2015,ES1,19,38,9,9,20,37,67,27.9
1133,c-3368,s-2015,ES1,20,38,8,8,22,37,70,27.9
1134,c-418,s-2016,ES1,1,38,29,6,3,106,41,27.9
1135,c-131,s-2016,ES1,2,38,28,6,4,116,37,27.9
1136,c-13,s-2016,ES1,3,38,23,9,6,70,27,27.9
1137,c-368,s-2016,ES1,4,38,21,9,8,69,49,27.9
1138,c-1050,s-2016,ES1,5,38,19,10,9,56,33,27.9
1139,c-681,s-2016,ES1,6,38,19,7,12,59,53,27.9
1140,c-621,s-2016,ES1,7,38,19,6,13,53,43,27.9
1141,c-714,s-2016,ES1,8,38,15,11,12,49,50,27.9
1142,c-1108,s-2016,ES1,9,38,14,13,11,41,43,27.9
1143,c-1533,s-2016,ES1,10,38,15,9,14,56,51,27.9
1144,c-1084,s-2016,ES1,11,38,12,10,16,49,55,27.9
1145,c-1049,s-2016,ES1,12,38,13,7,18,56,65,27.9
1146,c-940,s-2016,ES1,13,38,13,6,19,53,69,27.9
1147,c-472,s-2016,ES1,14,38,10,9,19,53,74,27.9
1148,c-150,s-2016,ES1,15,38,10,9,19,41,64,27.9
1149,c-897,s-2016,ES1,16,38,8,12,18,43,61,27.9
1150,c-1244,s-2016,ES1,17,38,8,11,19,36,55,27.9
1151,c-2448,s-2016,ES1,18,38,7,10,21,42,72,27.9
1152,c-331,s-2016,ES1,19,38,4,10,24,40,94,27.9
1153,c-16795,s-2016,ES1,20,38,4,8,26,30,82,27.9
1154,c-131,s-2017,ES1,1,38,28,9,1,99,29,27.9
1155,c-13,s-2017,ES1,2,38,23,10,5,58,22,27.9
1156,c-418,s-2017,ES1,3,38,22,10,6,94,44,27.9
1157,c-1049,s-2017,ES1,4,38,22,7,9,65,38,27.9
1158,c-1050,s-2017,ES1,5,38,18,7,13,57,50,27.9
1159,c-150,s-2017,ES1,6,38,18,6,14,60,61,27.9
1160,c-368,s-2017,ES1,7,38,17,7,14,49,58,27.9
1161,c-3709,s-2017,ES1,8,38,15,10,13,42,33,27.9
1162,c-1533,s-2017,ES1,9,38,14,9,15,44,50,27.9
1163,c-12321,s-2017,ES1,10,38,14,9,15,50,59,27.9
1164,c-714,s-2017,ES1,11,38,12,13,13,36,42,27.9
1165,c-681,s-2017,ES1,12,38,14,7,17,66,59,27.9
1166,c-940,s-2017,ES1,13,38,13,10,15,59,60,27.9
1167,c-1108,s-2017,ES1,14,38,15,2,21,40,50,27.9
1168,c-3368,s-2017,ES1,15,38,11,13,14,44,58,27.9
1169,c-621,s-2017,ES1,16,38,10,13,15,41,49,27.9
1170,c-1244,s-2017,ES1,17,38,12,7,19,34,51,27.9
1171,c-897,s-2017,ES1,18,38,6,11,21,38,76,27.9
1172,c-472,s-2017,ES1,19,38,5,7,26,24,74,27.9
1173,c-1084,s-2017,ES1,20,38,5,5,28,24,61,27.9
1174,c-131,s-2018,ES1,1,38,26,9,3,90,36,27.9
1175,c-13,s-2018,ES1,2,38,22,10,6,55,29,27.9
1176,c-418,s-2018,ES1,3,38,21,5,12,63,46,27.9
1177,c-1049,s-2018,ES1,4,38,15,16,7,51,35,27.9
1178,c-3709,s-2018,ES1,5,38,15,14,9,48,35,27.9
1179,c-368,s-2018,ES1,6,38,17,8,13,62,47,27.9
1180,c-714,s-2018,ES1,7,38,14,11,13,48,50,27.9
1181,c-621,s-2018,ES1,8,38,13,14,11,41,45,27.9
1182,c-681,s-2018,ES1,9,38,13,11,14,45,46,27.9
1183,c-150,s-2018,ES1,10,38,14,8,16,44,52,27.9
1184,c-1108,s-2018,ES1,11,38,13,11,14,39,50,27.9
1185,c-1533,s-2018,ES1,12,38,11,14,13,46,50,27.9
1186,c-1244,s-2018,ES1,13,38,11,12,15,37,43,27.9
1187,c-1050,s-2018,ES1,14,38,10,14,14,49,52,27.9
1188,c-3368,s-2018,ES1,15,38,11,11,16,59,66,27.9
1189,c-366,s-2018,ES1,16,38,10,11,17,32,51,27.9
1190,c-940,s-2018,ES1,17,38,10,11,17,53,62,27.9
1191,c-12321,s-2018,ES1,18,38,9,10,19,37,53,27.9
1192,c-5358,s-2018,ES1,19,38,7,12,19,43,65,27.9
1193,c-367,s-2018,ES1,20,38,8,8,22,41,70,27.9
1194,c-418,s-2019,ES1,1,38,26,9,3,70,25,27.9
1195,c-131,s-2019,ES1,2,38,25,7,6,86,38,27.9
1196,c-13,s-2019,ES1,3,38,18,16,4,51,27,27.9
1197,c-368,s-2019,ES1,4,38,19,13,6,54,34,27.9
1198,c-1050,s-2019,ES1,5,38,18,6,14,63,49,27.9
1199,c-681,s-2019,ES1,6,38,16,8,14,56,48,27.9
1200,c-16795,s-2019,ES1,7,38,16,8,14,52,45,27.9
1201,c-3709,s-2019,ES1,8,38,14,12,12,43,37,27.9
1202,c-1049,s-2019,ES1,9,38,14,11,13,46,53,27.9
1203,c-331,s-2019,ES1,10,38,13,13,12,46,54,27.9
1204,c-621,s-2019,ES1,11,38,13,12,13,41,38,27.9
1205,c-3368,s-2019,ES1,12,38,14,7,17,47,53,27.9
1206,c-366,s-2019,ES1,13,38,9,15,14,32,43,27.9
1207,c-1533,s-2019,ES1,14,38,11,9,18,39,56,27.9
1208,c-150,s-2019,ES1,15,38,10,11,17,48,60,27.9
1209,c-1108,s-2019,ES1,16,38,10,9,19,34,59,27.9
1210,c-940,s-2019,ES1,17,38,7,16,15,37,49,27.9
1211,c-1244,s-2019,ES1,18,38,8,12,18,30,51,27.9
1212,c-237,s-2019,ES1,19,38,9,6,23,40,65,27.9
1213,c-714,s-2019,ES1,20,38,5,10,23,27,58,27.9
1214,c-13,s-2020,ES1,1,38,26,8,4,67,25,27.9
1215,c-418,s-2020,ES1,2,38,25,9,4,67,28,27.9
1216,c-131,s-2020,ES1,3,38,24,7,7,85,38,27.9
1217,c-368,s-2020,ES1,4,38,24,5,9,53,33,27.9
1218,c-681,s-2020,ES1,5,38,17,11,10,59,38,27.9
1219,c-150,s-2020,ES1,6,38,17,10,11,50,50,27.9
1220,c-1050,s-2020,ES1,7,38,15,13,10,60,44,27.9
1221,c-940,s-2020,ES1,8,38,14,11,13,55,57,27.9
1222,c-621,s-2020,ES1,9,38,11,13,14,46,42,27.9
1223,c-16795,s-2020,ES1,10,38,13,7,18,47,65,27.9
1224,c-331,s-2020,ES1,11,38,11,11,16,37,48,27.9
1225,c-2687,s-2020,ES1,12,38,11,11,16,36,58,27.9
1226,c-1049,s-2020,ES1,13,38,10,13,15,50,53,27.9
1227,c-3368,s-2020,ES1,14,38,9,14,15,46,57,27.9
1228,c-3709,s-2020,ES1,15,38,9,11,18,28,43,27.9
1229,c-1108,s-2020,ES1,16,38,9,11,18,36,57,27.9
1230,c-1531,s-2020,ES1,17,38,8,12,18,34,55,27.9
1231,c-5358,s-2020,ES1,18,38,7,13,18,34,53,27.9
1232,c-366,s-2020,ES1,19,38,5,16,17,34,57,27.9
1233,c-1533,s-2020,ES1,20,38,6,12,20,29,52,27.9
1234,c-418,s-2021,ES1,1,38,26,8,4,80,31,27.9
1235,c-131,s-2021,ES1,2,38,21,10,7,68,38,27.9
1236,c-13,s-2021,ES1,3,38,21,8,9,65,43,27.9
1237,c-368,s-2021,ES1,4,38,18,16,4,53,30,27.9
1238,c-150,s-2021,ES1,5,38,19,8,11,62,40,27.9
1239,c-681,s-2021,ES1,6,38,17,11,10,40,37,27.9
1240,c-1050,s-2021,ES1,7,38,16,11,11,63,37,27.9
1241,c-621,s-2021,ES1,8,38,14,13,11,43,36,27.9
1242,c-1049,s-2021,ES1,9,38,11,15,12,48,53,27.9
1243,c-331,s-2021,ES1,10,38,12,11,15,37,51,27.9
1244,c-940,s-2021,ES1,11,38,12,10,16,43,43,27.9
1245,c-367,s-2021,ES1,12,38,11,9,18,39,50,27.9
1246,c-1531,s-2021,ES1,13,38,11,9,18,40,52,27.9
1247,c-714,s-2021,ES1,14,38,10,12,16,40,53,27.9
1248,c-3709,s-2021,ES1,15,38,8,15,15,33,41,27.9
1249,c-237,s-2021,ES1,16,38,10,9,19,36,63,27.9
1250,c-2687,s-2021,ES1,17,38,8,15,15,35,51,27.9
1251,c-16795,s-2021,ES1,18,38,8,14,16,44,61,27.9
1252,c-3368,s-2021,ES1,19,38,8,11,19,51,76,27.9
1253,c-1108,s-2021,ES1,20,38,8,7,23,31,65,27.9
1254,c-131,s-2022,ES1,1,36,27,4,5,66,18,27.9
1255,c-418,s-2022,ES1,2,36,23,5,8,72,34,27.9
1256,c-13,s-2022,ES1,3,36,22,7,7,66,30,27.9
1257,c-681,s-2022,ES1,4,36,20,8,8,48,32,27.9
1258,c-1050,s-2022,ES1,5,36,19,6,11,56,36,27.9
1259,c-150,s-2022,ES1,6,36,16,8,12,43,39,27.9
1260,c-621,s-2022,ES1,7,35,14,8,13,46,39,27.9
1261,c-12321,s-2022,ES1,8,36,13,10,13,56,51,27.9
1262,c-368,s-2022,ES1,9,36,13,10,13,45,50,27.9
1263,c-331,s-2022,ES1,10,35,13,8,14,32,39,27.9
1264,c-367,s-2022,ES1,11,36,12,10,14,43,49,27.9
1265,c-237,s-2022,ES1,12,35,12,8,15,33,40,27.9
1266,c-1049,s-2022,ES1,13,35,11,7,17,39,41,27.9
1267,c-940,s-2022,ES1,14,36,10,10,16,41,51,27.9
1268,c-3302,s-2022,ES1,15,36,11,6,19,46,62,27.9
1269,c-3709,s-2022,ES1,16,36,9,11,16,32,44,27.9
1270,c-2687,s-2022,ES1,17,36,9,11,16,28,52,27.9
1271,c-366,s-2022,ES1,18,36,11,5,20,33,63,27.9
1272,c-714,s-2022,ES1,19,36,8,11,17,47,64,27.9
1273,c-1531,s-2022,ES1,20,36,4,9,23,28,66,27.9
